0312ea8e3de121da6ee1195f3f6f6dbc294940e8691d7791598c09aa,f6eb328b92969855272210fd39ae04bd0f9b257a571669c768484ea35889ba18
032a04334a846fdf542fd5633c9b3928998691b8276e004facbc8af1,514180cacf6f41cab0801283d5709e7088016a12d3464a8351c00776d271b721
040e5b0093bbb087de79f842658c8d5f4d8a11e68896cb8e86feda16,d8248df62fd894beeed789d29dafdaf61715dc204c0ef179cab7caeb17d3b756
045132653833613fb65c1bc9669d3fe617ad65361b2bc8490d51beee,f91aec34939da643299bacaad2bcba7a0a140d6450c593238f8f57cf0d1ff0c7
064274381c3522500166b8eb73e7aff00987c811ef6d494b061009d6,661ce772dbbb72837df283b8877aecf72db3d8df62f15dac7c98d7da30dddfd7
068c902d6e2305ba416e716a7488cf1d35e4e668986e7d3cc02eb5ca,6ba5623657f3aa518b9ab0fee95d8f080056f3a08663d6fb012f91c38b8ca89a
0757dd0bec837ca608ad04ef1f46266b0a020da245efebce8b6cdea6,247af7ff421764422d7074d158e0506edb6222f72602080e090dc5823834c3b4
0815f85b4c60f815ba318ca2afa11505c8bd67f21e343b891c301fc6,6057a3f66c7e3f3e41d290e3f504dcb634424383cdb5ae74712de065c5199f05
082a97917ec00ad16972d425ac8273c6765deb4b3339c669badea430,f1298c4abd6abbd698630439f09c7f154f32edc9b537fbeb4f0ee30938c8d501
0877755512fdcc3c7b2b0e04eeaf3741569bde8c7daca4444809a703,1dce64ad48f7ca7db767934039491bf4de89072fcfb82e436f9fadc154806748
097ed33e2485fe2955bfbffa66d0b3e58909363bfb707c7194ee4e5f,7beebed68148073d78d08c3a9c63ae3e3f9dd656e6744766f64e6ede964f5fa0
0a4ed3c5cc11a044cff16f7045588c9b6f6c98f7154026a3a3f55f24,501716aec791657f15746e9ce2ce09171931dbbb69f5a82de95e03252b4b3880
0ac9231714582bee06a840b442535e51b6ec0a221ea380615861d850,3513a0e5f7df05cecdd9457c8d429dc4846db581e67c6abf760d7bc55c70bbca
0b5ca58328f3f03438910f055bfd29fc785f8d4ba5bab80b51629da9,e442049ed3f9ac3523cf124b1bf45ce7fb3df65078ab2c157b7bc367f147d2f8
0dd0bb46486900afb600ee62dadba13fce101fe4eb41dc3137c34c11,5d2473e39e9575846916aeacab9c7a24c85b6aa1e0f6cc7b143d1b75865031c4
0ed90e52db2166b3a80e0711885b94f7950fc0e3898a573a8b98b0e9,318987874684b0cb053dd445b5562d7cbd65d3ff280f8b8877ab6af1bc3e0c4e
0ffedac270b02794039168adc07b51cc4d3bd7d6e4a52e6accbd3599,8cb1eddf50e1eaa4dc8058d72cf3746878c9f781b6297a6674f6805cabf5c7b4
1049ce30eee429ac076c1bf073ce5098b104c419ebaac24c9a0682da,74511e297e8d8670729af5a4eb08ff8b49f0247f1100f28ce5599b44f07b57b4
10caff4f6980296efccd94b91a966e4692f8fc89de2490605454935a,ed6b09ed118264f29bad9af7b785a48d562998924e2d0a98e9356fcf0a5a01f1
120c41a0aac0efd74b3c3283d601b98e15d7a5107d91bce2d69c9fbf,93e62af0ba8b8bf7831a9326bbb1e9cc633de02d855bd6406d77e8984882a95c
12946a3fe080dd99af599bfff10a05cd3de19bd38ed85b25dee35dd5,4b21cf2449bbbaa834e403a29788daec0faab9f3c6b8b25d82aa8366a1a94464
131ff6a0610a82e10e25649d822454f64fbfa531528ae212cba07709,392d334b0670323093e6cf60edf36961e4005de35b2c86f01e41ce2f7428837a
13b76e10523b8964b4053a14782ec1028f67a63f51a1989ea3cd0897,0e2a3dc4f89bba916aa39d61ac90789f53913a7aa6abd2dcabbc9063983038a2
13e8600b86987e7b20fc539c83a57343d2e5b7fc646ea78f8322418a,725a83b4d070792fb1675f3dd9b784268bd785123b10efb5f91c3e03813cd1e1
13f51e6763f58a2120b426c4f424134b296a1f2b39873b68934900d4,6e2bb310995535b6fb89118b9fcec3e4aaf5d74517579b1a45c2d3d6df73753c
148c8912a62b0a41c0a88b54cf4068793e7c7de79ba3138eff7f4c8c,74511e297e8d8670729af5a4eb08ff8b49f0247f1100f28ce5599b44f07b57b4
17adcc287e9213b671cf4f440140e1be109feab6db778803c2ad5eca,53835cc60f193de8435af44c71d07b79904f159a5ddd68434c317d4bd868b262
17fc5617571153328ef2c84dd8ec33b551071e89958598d1816747b6,74511e297e8d8670729af5a4eb08ff8b49f0247f1100f28ce5599b44f07b57b4
19368cf221c57a7afa16870fcf99040e4142412fc608e43ad882065c,2ba2a5063b0001ae6cafd22cbadd148eef8ae8ad317220c48826f04181059346
197f9151b3cc506ce8920e623f9fd603b294978431d9662ad6890238,74a30c247905792c21c41ade4b3ae09356d790f6d4a2c0fdc3f99da7a4eb256c
1aac721de23301223084899071d1e72a818cb91b89c5a0e091e58e9b,0d97b49f253ed5c18a534d9c9d9d120134e71cd05c713bc6477a05da6315e804
1ae194ffedb008b77bfb8ec39b1514dbeb99ceccd664481812951422,a6b0f0a6e4e9c6d7477f99a4f3092af753e563b06c9fa8b601cb95695ad8b8b5
1b917c6a73c2399c9b07f2ca2c529a4b49dc5f5aa96336c1ace5afdb,74511e297e8d8670729af5a4eb08ff8b49f0247f1100f28ce5599b44f07b57b4
1c07dbd3648fe70545170b6f6d390136c1cc66ec83326f5d94a0fd3e,322828d4f7cfe86db0f8c3fb385e317b5415a8287963aa58c967eb3643c5ee25
1c17646262c9a7dc6d852931d4ea6df4006db4ae578acd6360a3737e,7c1a3f17f40bf4fd82041fbcc548fd4ceccfc98931e36952aaeb4ca598d7716b
1d9302a3fb4b3b1935e02b27f0339798d3f08a55fbfdcd43a449a96f,f674517bc620a135812231c7975d862d27ff8b9758fe35032d14ef11770c7c03
2077737e63ddcc14f596fdacbaadb56f46b35c376e3d0bb314b4ed3e,915d14be467c71a94713371392df4678216356bcae6a9cd8ec1fa5cbf5d4b03e
209c6caf1fdabf53984cdcdce4e8d53f680165f33557a47c54b1dd6a,49098bd366f34906068f55b09e019e25cc60af0663b1411ab58c366f7eca037e
20d7c344f64c9f17b023456ca4d74038c164ea10d12ca23099b40f6a,086fea47cc050c6550cf51006b48a883997ab84500af866c8240219613608b85
212b8cef18dcedadebadc4cd9688956b07f7168d97e750e1687c820a,9efed2a94449a34fa73ef8b81a36da1e7eda38c8f925664b242f502f547c26cf
217aee81f9662e80cd3241214893f2e4cdd90853a15f5a17b923bd50,63a9e42d61b8abe87b0a0018dbcd1cf41529047423f0e784d86d05566740727b
2261e061e918bf66128376a6171305ab33e0d9e5af10234dfaf1f628,fec4d68e5fc956f041e0adf854369d5ae17f6c11f3b127bf21597a0c94ee4361
25e955aeebd39deaf3de366eedab69ba15e06f7165359a76f854e038,9d2c6703d5691bc3c3b365314038b3822f7f6f2622a121d6798a7d8940acc3de
26c6b29f1f2c22277ae3e6c93f348c3a4e2247b625151547d988d422,74511e297e8d8670729af5a4eb08ff8b49f0247f1100f28ce5599b44f07b57b4
278e05dc32c3c4c03b9e9a504f6fd4d295a488f16dac43746803e5c8,81aa05a152f3140bb41b1f6270e54e89421a98236480c2b11a28bfacba438619
27aa9ad499cb47f856727913abd02dfd08bbb69dbefd1b4c098c6e96,5f97dc97196c55b7eca60909b68de9db9bedee4f04a000b27c2df4b95911c5af
289a046cb7dc1639623a95ceeb6690ee96574bb921b5c3905dd15b45,aca403481041eaa2e83b1f019ba98f398e9f997f185f42cba4541ac1ade951a8
2b4ee45813f0711891fc22974619e552a6c131fda14a5cca4f4c9a43,8fd17a3a836c3de73e569dfad0eae8a79f49751ee5950b25208aa58fbd66dee8
2ea874177eeeb3e62ec4f6bb94e1dbdfa8eca1253422b7aab089fe7f,1f5d91bf32f6c9ca2ea4c039b367ff88f044d6564353f44c01c363a82c5676b5
2f29763b1ebee8e1c1eb4d2d3bfa3e884e7ccca85a964eb684927922,c91074e716e52d12cbbb56f31b1877b5774c714b3c62fdd151c7575ddd4baeb7
301069670d2c8697a0acc8d6a309abc946970573eadf175d22d15754,8a1ada14719d90b62647d982f4bdb2e41ebe2759a05557eacf2198f57a28f4ce
302e04cab29e6f0a0adb1a824abdd6e096c77566287c883581cc25a3,3e38bbc53551fbad86dea15afc28758a2b08de13af54e87f1f3959d7c5ec4895
30b4694f065a12c7bc09b7d3bed3362e238ab2d42191369d96c46366,cc3e6e80f372da48bdaa0030e7bbd8520ffb80e9d2ab26d42543a2d683862299
30d3fdfaf69f59aa2e38baf04563b58519aae47b5454f42a32cf3326,8d323ea855159b9d6616ea8e4018334062c9ed339fe1c99f02f670765e515c6e
31a7644b32bb559006a8e424d3c14b983491baf5156919520a67fdd3,e6d0ffa9b25c5ae25068eb985535f5d91fb02871c26ad5da79b09c2bd3cc8548
320d7dd448b659f5c2eeb789913165e4de7ecf051dffc5ee840fa435,550dd49a5f51fb251daacf33dd1b78896a9d98971edce708cd54c7cf1a407347
3293e33479f2b1df983493e96a20b7642c25ffc57b0b99a113aaa50a,1d427e768890f8ef477f83c6e40f78f6aef2d94bb24616e454e51d5df403e61d
33c69bd349143d82b1aa94210d08d1cdce757df2eccf4e2fe4d32d9a,58b015e17157c3aeae3544fa0f41443ce507ee6772b69108fd8bd89a33ade7eb
341cc4ced4c3fb11fbf7f294ceefc9c93276e4ae2121ac3f31beccda,74511e297e8d8670729af5a4eb08ff8b49f0247f1100f28ce5599b44f07b57b4
35431c3b3b86e34d30269c9dce37cef6a42d56e4843ca2883e3774ee,bfc661ac04379ab66f11be7762e4aabfd6470755c2d41a1cc488dddca11f0354
3595bfea329bc726d0b438b9fafaf8f15f3c9268b604f581c61b573a,4fd03512a46b4b254951c59fea08eeaf27d261885e4e4e2e91b6c37ae4294152
36aeed8d34d88f76bd53a1a24c2208741a14e4dc1b7283241e855d0c,46900e31b23914bca2001a09db61b515e698eb3d10d136cc85234c38123ed373
370ff92fa4a9f786ee7ca826dd7cb0280d9e7a2e7df5f7a02b7bcbe9,30b777be977544e8e1d6491f3ab309263758b9c90f3092dfa3c0865126c5c295
37439d87ed8198bc9eb4638d6527fb06ea6f487702572a0221a02ec2,ef2e4b08c7aea7eab832c443d9e6460438192fc55add9b3a507e03f45e155b3a
375374e1972595820fdf08d75ff0d2c1917388fe16936cf9ba40d8c1,27ac1f0c87c2425088fe5e2bda0956a53b2fdf7c1d6a0b26d2b30183169fcbad
37654753711f4e6205943dead93256dbcf22d67c2baa59f5bf211bc0,2c326133cee9c5a092e8a3323f3bebc028a6141f3c67a32e7eceadd4e9f515f8
376a90568c7ac62662147f919fc5a919a1ad9ed853e056d244f74b63,75a3bc13e8f78b5833ab1c0a725d454a7638e3c1741357ca03dc4b628897f83b
38290e9040cd80c01333fd91de8fe2ed24615ec4017b6c1403a1168c,58770d2f69e73502dfcc8afbdaf556fa3f630f3b32b168d2f4cdd4dd46ccb2e1
38c884ca792850019b5f32ddbadeec4d66df2568d00ec24c4627faeb,21c3ae6dd3288f682f8bbe5f5aba125b9e242475099f27cf205db555840e91cd
393f0cd18e16a3db90f4140dc5ac44f73c2eb672016dd707be20064f,f522431f5d1f7562491e4860b4f8e3f036343d439f528094740d3d8ed023d76f
39d9c0a597acecd8bfd0766a47aa468ebe3f6734023fd642dd791c13,1f2972d18bf671681635996ccaf7a6c5321cf5d8e0617bd12ec6a32083ef6947
39f2beff04e3497a9b9ded772ede1a54b92cee34bc7ef55d6788a5c8,511c24a6dda793785845563dc70e3f8e20f67968d7d721d1ab6d0fb527dcfa5b
3a5e95bb38118f62018fa57edab43de60aa0809ae3075abbba31d97b,a35edcc2da5ac7be97fefa7cec9f6f7a1d017fb9ab7eda1007c6d22e59c2111b
3b4d4ec3aad3cb82c7f6d23ae91261c2d7cdab55d179afc82b117d67,38854abeb208891eacf8647b5c0e1a01e46be12848003fecdbabb24a904dcc99
3c8cfb7120032f89589edff50a6bf91704361ae762ca7cd832ac0457,2343e1b21110d3273761fbbe84fe678e7c89e7f74ef88fbe59f48c16c608efac
3e95389a78512a51e45dcf9ef15551fcf2e36ad4bcb52b3d7f7b047f,c34765a5722f5ba85d37ce102a32355ef885e35b2924bdca2d4b219d15f3bb69
3f02be3957575a323276bdbac9478a4f36ffcf3b71ba66143ec988a6,b467b0181e0479d23c15ed69b9ab6be597ac42c875f5e9f9d93f2233287e6f83
3f64a6f50ac4f461d0bb11aeb2113c2daefb955ad43c517be5b83ec6,f6807e386b1ca186282ea958de82bb8c3937dc4d7e9c3c543740042670df6620
3f7fcdead371ba255b8ab7858f1dddd5bda76b14fabf50990a9528ed,0d0d4b2eb794928243ed20fba19c477326e91176558f3801375de2fe498e1412
3f8809a02dc5bd2387be196f70c52136775f1d2072a76f9074284367,eb694599174b268b3dc1f437f5e7413ae0a525eada53443d64539cd8ec553c03
411d42410ee34c2f966e7e792dd77149d8271a398c8442c5913564c0,ca5a2aa989d04fc64a88c97e69b7a969e421b5eec6292a929f6569c50812fa75
415160cb566aea8dfef34f88267885e2810586237af754e8fdafb961,04fb50496afb8b50e7fb63f141025306c5ac0ec3a2a2e0200f898993b4904d8d
41c97d7f36d8b7e94a92e9f539d113809d94cd8aa2d265f465e5f675,de2df8f55ce0f3b014093ac11ad6dd0fb40822a2a2ba4fb8007e2a56bf03fede
41fa01a0fc2f38990e0c12fc7c4c168a5d0a8d45384b9839f93355b0,74511e297e8d8670729af5a4eb08ff8b49f0247f1100f28ce5599b44f07b57b4
423834a9b361417f58e2596f7ea9325b15a62b847b9516312f07a139,90e78841ee38eedb2f5389afca81e7667516663bb4a18496e4513606739c5e4f
4284b4522c627ca8c59314529f3b2d37be1d02610be6e5bcb6200882,8a2745c299d4b7a08aa39b4008dd2dd1accab32e24fe8871c70410e0152f3c3b
429e1cf4c75799b4148402452aa0edd512111485e5e1cbe7cf93b696,ebf3524ed3f2ca11040828fd3cd9aa369866b078dbee272f832facb5ef1e2658
4312bbd1607dda48eda594639ce9dd5facfafe6e902b6dda41dec72f,c9693a63641a07214c6897d11b5dfe82184470265ac94487b71e37502ac9c76d
46cdfadd94b9ae76750e5687aeb1e175cd9d932773157fc5f956f376,53835cc60f193de8435af44c71d07b79904f159a5ddd68434c317d4bd868b262
46f31ebc8fb804ab6c8c9d2c00ea684fab372b822058e792661a490e,2c65165549af03443db8f69cf28aaf7cd38413b1ffb62314f2bda7b498fe8a72
4762af74ded2dddd81e2205061e1537a0ad63af01c476727434feaad,aa05fe7b0bad1690fb6ceac182add0dad9e89d10170efa99d789cc390961211b
47aac8c51631ea62d5790d40e1e05673ac7fbfd4843f3ca983dccb23,f5ef2bcd30ca3569f7a4994da9ff1d129039fc65417168f358886c40599affc8
47ab3e3ef91004d7fa4db7a886753ad50631381312bc7a9b2f5d16da,0026f9f1658ff979b0ba5f9fd9e101884e3aa5a337d6111dbba79139c74eb9b8
4801468cb1b9fd5f569724eb6ffb7f601f22ff5e95503366f3090719,8f4e243199f44a88fcbdaf6dcd10412bed3b7e9824a9d466348a9365d0eb58f1
480b9795012001d98ccf5132c9b9560812fd477f76bad92d44bd458f,802da9a3a11ba81fecb6b9d746469e2e4cf59cd5edae85ea3a10007bb1d820a3
488e0cd0e4701041b037a5dccab33ceff8e6135c63882446fd90c931,c6d8c43ad68dad68cb9d9f34a386b1c3e6842e53e2ec3639a392c14cce489670
48f154eb033ddd690fa440ef065be7abccd63f94520bab3e9f1b62b2,cfeacda4975e3296a4712b273ad42c537ac5262a682effbfe598d597a85c9708
492100dcdd67f1f0b5a46c0d5b444d43eb2d0ed0bd8cc4f9d96cc85a,d13143377e43ace128f70a1afe64d6e53f0ca328af78cc4726e04461db54aa46
4981675b8bec82a60fcb8b02c5d6082791bf9b2b44c97a7af69f87c5,2a4a2a216c389311b2834c9dc217b70b59dce9f84ebdf68048a11affa8593f7b
49f1ef88b1242ef7d9e5fbb67e13030783f34054b01cdf60802b3504,937ff1133021fc9ef7ef58248f5b9d9aa0860f358caf72f0f8200dba6cb04485
4b7c850207812006121b5338caeeff0ae86aa039af46141a41891fe5,610f8c930093f2537ebc944311ea59ef89ab72e4cc69e85d61f32ffde6f7685b
4c19ee47b85b4b1f1549a4eddd69e77fd5b7e7fcd157c65bd5008e8a,6117405df9932d2a2a7abae932ca6a9508166ab9188d5532c1b6a6b0d39bf16a
4d1babf80ca83561d19426f286a1890c56414f8d068dc4357e9b9ba4,c75b8eb9e523c1f58dbd738e5fd0977c77b9c171b3f1c0ede676822edbdaa10b
50d1eb012a2471e96ab16ee8f39b7697cb95dd21ba508592c1d19246,d270e76d074a95fc7f47c9649c58d4712f100cadb8c662e445a9ce5a9226bda7
516c6ae56de7d7a5fbbb6b0f797f444c7832d2e3bcf015a8a0b56c5c,74511e297e8d8670729af5a4eb08ff8b49f0247f1100f28ce5599b44f07b57b4
532b18711aeb38e9d6874bbe67cbcaf807200319c1678291d6554cf7,369930b18573def6846a42e35dba9eaad0ad7ee1665a92557b57e263075260db
543a504e8cd290dc3473b3a7cd6b0fb376b07acefc59b8b3d83c2875,74511e297e8d8670729af5a4eb08ff8b49f0247f1100f28ce5599b44f07b57b4
54977486bc076ef24dab6f34652c1d33113f871ebc5e863b2488e03c,d1b243a8f5b0dadbf54755bd438e199dcf08ef9c6ff6b16add73b4d4da23dff5
5517c48a203b9cabe638707d89bd5f826b5e1e8b9fc98d980f268394,dcafa3298e1dad6b0c3e78a8330ecffdbab235631dad33f85a5624b4a270e47d
5564054a595518542c72358e0dc6bc90f10ec7702557b7d67f52b4a9,7ed694fdfc41c29fce3a9eaa100d0951029c1213ae42a31b2de976ec9a9645e8
55870feedbc8d35a22b2e77a35eeb7b75d6d8ee7d0724256ff5e7533,2a906d4e959be8215b626497a36ffff00e5148c14725dbe280287db479259b8e
5653f2a1aea5318f43a63e0148076348a475d3c89283a8c1eb498fb7,db0c1beb7034b656a078e199d27c477b4008e05a341921856bb37866b3c00db2
57193064fc01e49186d18fada88509b25e0d7e7823c40c13e9682a2c,a59694141bb434387326c280e1964d0068fd07368b0f55b3f5939bdc5410c580
577fa51def6e59fda1b639a800ba275ce50da08486be369cf7da5ccb,a686183cc91f514ce836fac5e38c6dd85de47e6a65beb138a99fd75854c6f0fc
58bbcafea60dab205fdad776fd9cb30aacaf59e17bb355552bc97781,1df6ce37b9b6f7e52d4d3409e5060b644c070a523450a7d836c4b36f5acd99f3
58fa45ec1acf9718f0c7d2615e58f1f7d7fa6af361536696959b6c39,241f9ca94ef891d08679759d087c4fae27723c53933e66e17c5a6e1746ba35ec
596895599dfbc7d5cd05a6fd602686c5eba521a16e74a01703a9ea5e,e04d53a822431e99846a876431c1f4c6e1424c17c352829d70df35fa634dee28
59cb373581d9c582baf79d86adb182e93917176fd4b0520daa3bbdf6,7fa3765c2f1b44dd27eaf227b36980946000a29632ac12f56d9f9445abee055c
5a416eaecc07257d94e926e038c808116ffe68ad2301d423d89d5f2c,74511e297e8d8670729af5a4eb08ff8b49f0247f1100f28ce5599b44f07b57b4
5b64f3b36f24139f201ea072e682a5a2469df9542b6da66a865e1c54,682e45e7aa87795e3bed6cc1760c6b1ddbed327b1eb89b2a554a43555c5dceee
5cb14d2c1eeb6daace6057dbc8a6b3bea06b06f7dcf32ff35ee1bddc,efac1fae097bc9f436f1d10664efa9681152bb457a7bfe63f6f318d8ce3a5cc2
5fc3083905cb1e91c078472c11527075118cafede4dc8d63e361882a,8335eb6aac88a804c7363b74fe042d41882a61bc28188dbd5ed99647e6ffdbd2
60015bb5c3bd6aae17d954afab54dc8621135360948733b7b28e89e4,9326291cc62f3b2a422482222c5ed994c3419846b5fde0a66e62b6aaadc4605c
6213abc3ba4ab0bd4b740d5566f236b753080b8d7a8df3cf66e47abb,3893769f1acb7e6003f184e3d1193de4a3d306ed913cc380a2848d0b37ad9916
62406210db4ed2244728662aa69adbde73d8df3119efa029b375bbd7,daa5db33eb56fa727ebbad92a58ed98e61e54e4e0b14b49ba82e76ae53fa75c5
624fcb718d9facc7dcc8daa3c5cad6753886ddc968cc4a6bea5e9cc3,054a8687aae0e7c7cb35b2d6942db21b476369bebb4d55bda44ea6a80fcda1d4
62d3773887d1c644d4b28a5743f111597e0ad5654b71d613f40f5d03,64d1a739eecd63c32bf303cfbdb384f9f7aabf4cae285f9b840853cae07c0ec3
62d90c8349f6a0675a6ea0f5b62aa68ccd8cb333b86044c69c5dadef,5328d9663a3e3ad74722ff0f6dd922041a03d79429acc58a55e6cd5d5e007302
632dc1a4d7ec972aa7c63ba56ce57e1a0fdd8a356f0949f0ded0723a,cf61fc2de833d55d6f16db3fa0ae28936b775976378de49844f35726a66ab7e7
63b49197a85d0ed90c3173d6ffc27a5c5455eb3c800c2a710d2bbd9c,32252ba40e5c5773a5f03f979f5cdda7d84a756bba8517ccf3cad46005ef38f8
647f00faaeef3a226d4375acb264b66b94c248f72919640a54a696f4,fb2a2609018c94cc45d3a401a8635b0907d42e5c32e27a6b41b5415e78f8bf02
64d60fc4972085b884f5d6db08c67be08517c873a692c935b1bdf85e,58dfa1a9929ad7169f1f5edbfd2697436e9e479288ab68d273ec9429b34e0360
651272af9daf31b9160f456ed95a4bd861ce4cd216a08a2e45f76cf2,231f3006299778878f4762acc451dafe00b4c6389f48e7b30e17e8f175c822ac
65ffde3d5e7dafb1f3fc30f1e68b424c9fad4cb9ddff16ac4e560cb4,9586f48442694ef028bcf67605b4ef650ab9f0f1cd81e181d2db8d9d5a387e84
66ee887249c00933cf54a90cbeb3f09211972bb1b4c63d4366c7f284,6af61f444d69fdb6d3c3cddf867cb098b99f4e486ddbc2fe5ec1cd693806b812
688d8f04100261e68f9e33476659a92c2366d48a5820d63f516abe9c,190e206a35e7275c45b04f8db1b9cd166ab9717f7810840f150edbc556b7dfee
6a3ca7a41c5e89a786ec30ad50e7512b9985379aa6d8f20e7b3bb59a,5302dc88235165c30f88ab43257ac1a122f2ec38fbe0caf12ba286cc19c3a619
6a9e90127c0e1c2a571797294811228cf70d5e36e89c42f5e72a2fb5,59c0f5d3866a37704fb31a97a2a3caf8795c9bfec993df4540d86cf6deb29d53
6b1dcca5a45d22e5d2abf5ec7fe095041a8a488e7167679d8598c238,42ea17e1f4c8e620196a04ed8d0140e563fffa3701abc74a144d6806f6376220
6bcda84b49a3eea6d48d1253ed4f81e2aa0df6bd14d1eed6a94a0d25,a7776069f5243d3376916d6d932ef9c2027254c6dbd4b9b20557b93cfaed5d74
6cb2a062880f97e8490da4b4b864b0dd9c07db22863043cac61d1fe3,93cf795a9b38606efef38d627cbf89e82048224f62286c1527b1a87f7e8dde92
6ee5d42499b0a8c0a6cde87dd30767b5ef0bce5aa1f96e4301ba07ed,9586f48442694ef028bcf67605b4ef650ab9f0f1cd81e181d2db8d9d5a387e84
6f1c33c0be5c3fa001ce04f9fa78e79e4b52effba734d5081e6b8235,91a00f0d1a788160a979842c52cf43bb3667d22578f6e283626072f1e98b0028
712de1a845cac59608e4e6395907bbb2cb44bc725e5c75122d34446a,f354a743c557ae5d4cbfd6d553968944b1bed87c8c68c75f2ab27d39c3941eee
724b27c178b1b99e1963b7022e23d5d473faedae1452e33bf068ca70,9586f48442694ef028bcf67605b4ef650ab9f0f1cd81e181d2db8d9d5a387e84
72695513e5c1e88b4149a92be2b153f816919d6fd31eb69fdebd32f0,f38f44bab67fee3f16fdf1a0e73b2b93ecdcc593dbe8207f55dc8006c60ace65
742aafe87d7024ca1f03853f1531f9cee209cd019c92df642e6d7fb9,2db0a696204a8bbef61523723d9c9a99a79cc1549c5e2a0dde3bafe16a272cf7
74e1ad54dfd6aee81bce4d0bfe4c1433d71d8ebacba32a411b3ae86b,52d2aaff6f68d53890f9cfdecda9c688ea7f8c96db954e17c7fe6d05db3e1538
74f5dd2551c2c0fd71aebb95e1f58d0b742c0fd2ff1712644f709bdc,7cc0d9a8931e434c5632d5a696a2c50483d7ed86f4f2e97e558f14e863a2ccbf
76051da51ed2d6d3affedd2a228563855c14f566f31cd292c384beb7,86c3eb063f75d3d09052cb8b5e2c9172ef7f8303d2d227b99208bee3ec660944
76133747093a9e252413a8f7fea54524a99993799d7ff79e99176b92,1452100d8dc4fae7d4d2228f54f54d477b7cf5bf610221b96894a6ed83fc43f2
76ffc068329e4b36b11f56814526bf9ac32e82ce968c7e28242c809e,5a8f5a4cfa2a7ab678a538e04e7919579b8c6c20e3ce51a04d3c14e9db5143a0
783eeb6885bde64acdd9e5bb62c4897acc3359e1adb582954c55edcd,68d7c5f528ed7b8dabec777a760e3a0f7a8b2b2ab1e39ecb11111f8a559eadd2
78ba4fcdb9a4dfce0d980107b4a9d21d9f7b285b33ff3295e18f7eb5,bd7c57d28a9adeb8f0e7ef43c12985b8781e8d4e3fad75ff9d547dda46900aa2
7adfce1abe269e6e33a6fbbd9563bc796020aa93f9156fd87f20dfdf,bd436caabca96c88f2d89924f10c1a2e61a885d3912429a8943d7559bd53e742
7df614e44ae175d5c13aa9cd7c9e4caf9e03027a9562a1114f0762a5,74511e297e8d8670729af5a4eb08ff8b49f0247f1100f28ce5599b44f07b57b4
7f40eabba7c6660e2dfbfdc73e9137bd65267ac44144cabeaad74d0f,644b57050f8976bb985f0dd049a5a14280d540b996237b2ac44b00959f596086
7facad662e180ce45e5c504957cd1341940c72a708728f7ecfc6e349,96c5e6a9fb8315143834eb2e446c06c18d39b61f284c1abf049ae202e19b9992
829a399ce57191016df4a0ab79526ccb1ab698a0a7f1ad7dcd66f1f5,63c6edeaa8e1a26c7cfa2f77fe0d0224534c02643dfb139117340cd1cbd14b01
83d5ccd003d25c58fad4be1236b98f7347013f34568a1a6f598577e3,59056c3c5174b76879e9014eae2dac25c14cf4650fc4e0aff227c3d501b97c8a
8601d9fc190f7235cea280d58e24a1805017206107a11140766d6ed8,acd6562e73d5b350f1599b6608a374e47d1a53ed133f7024a7a359bb8234a891
865def3b7ba910d9a963dd28944b16396892019398008dbb8b21f40a,660c734079a2519a2f44155595ed76bb464ec5882c362cb4bf4b40f79d17cfe1
866b15a7f15530fda36d8fd2cfe7f2ffe1b2dec2dcee3ad392b99fb6,22b8c4f2dc5df797a02f21ec41203bf28f979fb1a461f272517e480a7b639ff8
86fd779e0b6e9f4fa0747b6fd90cd07b6fa90fce85b928c8b9dd3ced,74511e297e8d8670729af5a4eb08ff8b49f0247f1100f28ce5599b44f07b57b4
879d95a56b9f951bb1a6345dc80bc41984b1353cd37749f2b2d2f92d,26fbeedc3c5ca9311bff2582e607cf2865cf70c21364a90c86327cf19a3405e2
898b7ae5ef32f4c1f85e75c74553f67e7e272d8b888a1100031df215,8914fef0cb5f89f6f0f9059ac0f42deddf97f62219ff79869ddfeb56d7920f5f
8a77ce4ffc0c690419675aa5396df9a38c9cd20e36483d2d2465ce86,ae1dc4303bde5b5e2c024c3bea1544b948546fa75d3e65ee748ecb21b5625243
8aa469088eaf5c38c3d4faf0d3516ca670cd6df5545fafea2f70258b,ff9d774cc7e3e85ec1827bfd68c475bc611a9e288e7c9e1fb159fce52d2703fd
8b32df703efd84a53ecc38cf5bfb5f42d5eec79b227dccbbe6363e66,32112edb110fe629b9c67e520c1a8375d5969e213efc2f0af29f8bc0762cc286
8b5cb023f4fcf21a8a993b24cf6534001aa79682dff18145a53be82b,d1d1346ab457d10653cd353d40db5e9c07f9f23ec040d8c1f575e5aba01acab6
8cb6f7bc42ac68dcb803749b49aea1a2495d789657dbc56de4008f3c,8d5389227b0c4cf6f721f7052727c768bbec423bc416adf1bb9db5c31c1add54
8d1a25d1869fb9b3acd1150e25f8cae2f53e6b214993d9b430a0fad7,c3043822b3ceafa82d0bec8053910e22b03afe859e9a964ed1980680db739b95
8dd1d6fc866a22fd26b1b16c5a3d9ade293676795c0527ecd2be9d3e,bc94ae3c7a8196d29055687e5cdc398c6b8be7746fabf796b2ca19c324f3a56c
8ea3509e86a3784e69aab66277c55790c94c6af4557e5b15c0eeb8cf,df7f9b548447b4d89cdb02c395cbfaac74ef6be26bc56b23f2f98ecc23379c9b
8ed5ab11e76094fa2a2ab29fc3a57498d07e68f6fde6f326162eea88,db9c0fd86e9f87990ac47905129fb5a100131875de1a8d089041b97fa7fc9341
8fc1b280dc6406bd2cdd843a2b16b2c675d88351087712664f1cf245,67e37ca470742d8635a9b5a9d17cc5f5f41ff66cbc63488be3c334b991648740
8fe15627efc0a6695df2dfadb1329da3927c9f9757b30e61db526bb7,92bba123893c09aa8d058ca088285ca475efbdc1825a1a694321c2d8f2c9d1a2
8ffb4c8e648c0662f2a91157c92feaa95f1a3d2728eaea8257b3d8d9,41f661fcc0ee3e16b3c4105f993c169c89846bb77200bfb81ac15cac1eb38c6a
91e5291c8ff5a96bab833f219b4a8e792b077cf6bb55f44ce8bfd30e,31147b4bf3b20ff386c2560e1d181341ede74d58bb5d85557d889bdc0e864305
923fab952421d005d0b1edf513d801857f0f63c76d02f7bb3a07c44c,ec7f804386fe8ecfed4fa2a78426bd3ca889ce9e9c54e993749aa96c999d59d2
92e1d1facf28a79ab85fcce985ecdd3ee5c13b620957b699bcf952a0,c5af710a4246f43fe273eca12e100026e73e2b6ef4275f7ac1e2e44c928c7179
92f4b4d48fcc2e27f502738edc56ae02e96b1c8be7a2f239d1f7704b,9a4587a2ec7b5c59b0f8c371affd6844879ac7b11ed9b35d5a6e82292eb9d802
933d9e7345162f5d0fe5ec6799f7b4785c40cada47b82250024c61ed,86bb65413a91a40129fc23c02a6f8ee4c0d5453980a40385efcba81ca20bbe36
934facc95005a97ab4a47a16dd001c0302d73f0dbae64f643825ea39,321e33def126535d971587edc1a5056ae7e1b85712b282b8b38752809a67b389
95096da69d3fb64416be72a0c9ce474c72c59da0db19a556dc430abc,8ecf63e602b53c1e9083ba8454bb1ea72a3df62cc0ef365e496e93999ccf5fb2
95299757c242561bd2564e810e72e6771eb926a967e7a550bb0826fd,71cbedd6bd81fe49180de549fc164f5fb91f01bbbca7e101c676d4274e320e7d
96bdbf7a33954b77de2dbf4e6f43da3b68ea8a2b2acf9dcffcfe0fde,7851806dfdbd4cf9094bdd4a268e1a105b32fae94ec4788cc417fa99fc9a5c59
9772d8814b1fdf3d429b735eb71e05b5797c807e22c299e5f1afc775,9f193fd02c28116b5f6bc3d9cecfdc6513dd0dc1930c4b28af33ef0eaa93b85c
984627e99d028ed3d9675f0717b3d2added1a2b489f3ae5f5d4305a6,74511e297e8d8670729af5a4eb08ff8b49f0247f1100f28ce5599b44f07b57b4
99ebbcff468e4f00be5246f21de5e2db0e8b38f8bc0a7801c658f8cb,141a2392e78ccbf1194c6f4e3ff2e745a52409ba936412e864648903949bf1bd
9a5cbc822385b5c119d3c4bcc6f408459aad466f89ee9d1aee1c8aa6,78c556f62f90ecd7891a0928e67f9953d14e59a61fdf96bcc650c62738cafc82
9a66adc7e0a2aeed7cff0167fea2bf8359feb1426fcb0e8569cfeeff,53930c293ea95186ef0dcaf391a11a3cb8ab4c764fe14185b17ca9a884d34216
9b4c92eb5cb4c072a0e6670777e1bc8586a202bceebc702e81b1315e,4d2d19c498fb963cc65574136220bab441e96af65b7a53cf7feeebfb644e6537
9c86f8efcb2d8ef3a71d61c3734e16ee075650aea6260402089f10a9,26e4ea63cb761ea932109c71e4eaedeeea1c323688a8601a2795425cadc74742
9cbc23b06056d5c7d158650f01f1b81c9568cfaf08045cb3119d4a77,2e11e37002d29dd73424f0a6d45fe05a7ffbf8d4e5b0b83444868f8262014f76
9d2fbe6d33b88362d719c56dc3291828d1805240300270b265cd9561,99aca937ddc87201ca9eb6ab8b6b9614c00678a26ce7c452d4825a39b795dc31
9d5b2e3ad63c99823857a3448bd017852efe2184253b74ddb82f8d10,30751ddd38bf7a908b355726429812a800353ca4b67dabb12b304b19a2cf2ab2
9db0559ae71af9f889d3c0178af70d0c6ed3d8525cf7cac7a02e4ff0,c36e1883e484938192284195a103994bca9dac9d68ca8ccc5e6f0ac2e674fa28
9ed23a4a839826d08d7d10f277a91f0e2373ea90251fb33664d52c94,8d765404f01f210d1ba5ce1560dfb8252648f2dc74da9931f1350eeb4dd2c52e
a1f2f3f59e0f0c547394f5449e752b2bf32ed8d0b00719c75a3d511c,28fb14cde01f2dd34b440894b1752829728111cd69162fe589ee6764e862b949
a291a9803b4e7e3f400a3bcb97ee8eb01f679155e036d9472911c715,74511e297e8d8670729af5a4eb08ff8b49f0247f1100f28ce5599b44f07b57b4
a39aa1cfa06e072018c377c7969dace286ce1a10c2a866942f1e2aa2,3a86c6ba8c690895284596bce59e8d9e83a7c0bf31a3abee9bf054156f4b31f5
a3bdfcc9630daa7d1da3c1efaa611bdd1f507e62bde8aca8936a070a,53cfce04b70accb948250f2c7b18d07ede4db525464612368f0d34327dafd415
a3fb3d4d19a3a611964a0b79913d2954fcec3d09b6d272e98e4ef07b,d3c247a1f7efbdae20e6fab5176c0a2285e3e72714dfd39d4700dedeb5343555
a417dc65b399153faa6ff0541d5dbf0c8e4e54ac18518998956160ee,9586f48442694ef028bcf67605b4ef650ab9f0f1cd81e181d2db8d9d5a387e84
a57cbcb8ecdf24f469928da924b5bc6e4cbc3b57859577211a0daf6f,868173d343611103acbdb3452b922bbca5e580d08da4e8f7abf3fb0f2284338a
a5ac468d93b00800685bfce48fc2c0773f6ebc032d1c811ebdf6c5be,6532b2d79d9d385c7e0d857459221cc3343b5c7e6349d00ba66e7ac3a04d5c4d
a6bb44f112d18cc3b74c74ec576f0b80ed40d0c949d30605d7d8fa84,35c3d9cc508533134583f5e6bed0c4a6fccab18584dff3c7de6145f6c43442a8
a71a124e7504ab06afe9155efbe6b3e8f7d42efaa1662f98f11eedf0,143dba888613155a4820ee8d293dfdda563d09d342522e430af84a79c2bf7d2d
a7399d418dd5a4b2a241f863d50949d401e2edf7f24d14b625d3d1ac,43cb77dce58f642a40bb68b847dcdf07211d5959c0161f670e78efbcefc6459e
a83014b666e225f2a1b70b76cb613e50f9cafc7249a7a63c4c1d7bfd,6b99c5f19570765a60cade7a265fef6777cda5bc80cd0f99a347aac5633c22db
a83a4645d5f93a3afc287fa5ff8d6df47a29faea609627e72271b835,682e45e7aa87795e3bed6cc1760c6b1ddbed327b1eb89b2a554a43555c5dceee
a8760d34a4dc405388bc72b080d5983747a8602e7e28f45a1d8d8c27,e2d1785bbcaface7525993bf81389be01c0426eb617bf5ec14470bbe155aac3e
aace7710564e419346b792edecfbd119c668e46937f50aef1610aebc,b411c7f89e27777667a49667b2c34454e7ef2d4ebd7ccda275e7516841657b2c
abc0b34609b6df037fed7d0a65e99993b1d773fa379ffe971fdfe363,bd796083f26dd5a247749ba4c4775976aee473ada07bc28bb5603ac5fb05ad23
abf5556999c2c21e974bc52a17c83d8c6829d7c589745e3421162470,2a9832067ee1acaecfb67ca7abf2368a5f015c5dd5703dba75f445781f8a8f4a
ad4396a0f7c47e3d69ee8bd792c80ca0bffee61945cec5c42b4ae90f,ef8b7d8610ec49c189729f32273735d249c302d1ee3c42eca018c3f89fcff822
ada587f4df87441fb9222e42c99cf03eb5744fdb6749da0443cb26e2,23354a5a7079aae6adfdf02477f61bdad7c9e958350e4e9ed6409e0a56d00b07
ae52b07b6448574127bda67307053176a0792e709e5877e99b206d8a,59e45c5e0f13b7b85601ca59335f8890bf35ac9ca4a44b5af7e65d6369166adc
aed891d5f266798be7cf9c76b006fe3c6ce359667aad952ddd97055a,f3ad75d123f439370c80b01ad508a9c6a69f076bdaa7a69a6e737aa8b4a46543
afbd1645ad5a63a8a138ef6e7aaaae5b23cc0b76a958c932fc87e5aa,6e34a8c124ca2c61bbc99fda29749a44635c31f95cfa8f41f9bb02201d915fb5
b0744a3975e4b2e5fc04acc0bc676824736b01e07774c72221000e89,1f00c61a0977e3c544e54b5d2ec45f225c27e3f1fa7494328f94dc8102f1acc3
b1ac7757145e8ed670b6d19c921e1feefeb73b23fbedb01816b5086f,7a85baebfcb6e66e933505c4a63e4654f9e31d6871765b52eff7bab0253f2acf
b2040523c8f8b1cf6888c7d5ffdfbb94b8bc2e1465f2ad891fdce923,d17c22f1c3617b5e963be0ce7fcf31e26eeb7b4d38b2276eda858d792cf0880f
b56606fd8d2923fa8d2891d3b3bf7818d18622c6f45467cdf59013db,00bc597a478b92276455a701e9a648544774e57b627a2b0fb4d05e65f174e8f3
b64b7aed0819d6b4d69dfe68d6566bb338e53accdebfdaed8f568e73,d8cd0338d85b63237c25f6747ec35fc652ff18fc9386b4cd2d2aa7bff7029e83
b6f6e811dbb721453d97b1d562f18bf99e51d1fcb4cef0cd461ab529,9c4009296989e882f1a4ab6f9cbb210e1112cd157b60ad7af5452c3f7b2af365
b75e11cdd0ef22cf6c694b8e2fdaa8603dde4d578137fd9836cce1eb,2f2e89bfafc40296464b8decbf72dfff9c5e3a9f4aeb79f53b03ede96d1c3915
ba2139d0837a2839dc00ea4e856bed83397eb2f64ec866cbe1e8c7a3,e66967d32e9bfc980bf575209fbd82906acb49a4bca81c58ad3bfa7ae5e2a65a
ba2edef7d8bceb725ac92dde87900116a458a32667fe27bb412c49e5,a844e30844acf00049ae40166c4559a345b112d4fda61f0d7b4a12d020aef566
ba66d1d25d8bbc158ae1941b03a5592663cda35391d7ec03502b1ad9,b453a190d187848365cfd7fef885a8e53b93b567fc7eb8c9c05b0a4a6cf4bf1c
baba8f13322b33c1ebc2bf1e805bd8ee5300657ff2c0f0749bc892e2,1be7b843e5bc5fbe16e152e6f4586dc5d9857e6bd40d399061042503a8c053d1
bc0dc8ad327ed2154f0146bc3946c47380ce2831b3f0019d227a2f33,a992b7e2d5daf54b83d9551dcff9a899dac506d7afcbb4f4f7a51e9aa9e9768b
bd5d42dc1614ebfa575d381e497d25ac8455b0f404b1da86582fe79a,dd110b640b5ca45fb9ef69e0e91847697fb7bf73d9be7965b01d4e12c60360e1
bd66ac291ac521deaf22141fb0e5e2f0ed3da63159b9f49e1f500acf,469b832bd257b351a82f5b22ae6e1ccc254afebb17b53523654ec7ec765334d7
bd70560a29a8f765aaf8a10efb2ea3a7f1d903dabe57cf4b8a2ff24f,a08f393ba1d3b5d942f023c89dbc28bf35928994885694956282eb6c65bd296b
bf12b4d50ba837ec58238444b3a259676b7b2760858ffc95de19ba8d,0376404ffdd54a456d5f041f18ab443931b0e257a04aad2a9204ac83ef78a16d
c0e12941812ac2100e155b64069859a98cd916501b4dd911630d3d05,0a6620fdc2120c25f652bce36350f084cc41d587eaec093c5aad304c9519d963
c1f8746cd9083858f5a6bfb0a0a068e2f64e26d910495a56efd0d55b,19d438631224347db1b284b12d497b2ca889cd3bbcd0f414dfc5082bb8783eff
c23d5e79008d8ca249221bac334e1655bb0cf85e9e963a318d9c17cb,01734b65cddbb8adf3b2616ef19d4f817c65ca513c56dbde664c5af67def47fc
c6a8b8ecc9630dfdd1288dfee577b6b4475c972cda09834a7cd5ec43,74b57263ee0365811927386b97baec5b35bac5cdab037eaad9da25090f349f2e
c6ed2b1b763de09ab5c626b1343f5d1e184b51bc7ea56d4cdc5265eb,52514a08ee67b8d9d1d3fcedd2349de7ba63f0b0e6a6aca80125744e9930101e
c74252b32eecc1225732c9bc2a3ca5b82c0685e4527abde4b86e21c2,bc123e7e22b248d22a2a2baeeec5e9c4fae75539d3c0fa22e142bd568003c25c
c894e15149d3e92781a59e234bb9e1e4db4106297740b4314b2088aa,74511e297e8d8670729af5a4eb08ff8b49f0247f1100f28ce5599b44f07b57b4
c94b519a0747e1948e8302fa89fde4a3f2798f32403371fb68ac38a4,9586f48442694ef028bcf67605b4ef650ab9f0f1cd81e181d2db8d9d5a387e84
c997e00dd2174d86a6ed9d814daef42f2dce2babc234b4003bcb02bf,53904d9cbe59b52d6b54ce29a58090ef45b3e44bffdc6ab7c514a7c3934f2a74
ca128569cf8101f21418d52e28c50062803112dd3ad3ccc71885a38f,9ab7a692a1564420e2033122f2a9642247d81033b81c5aff123815803d296797
ca38fb74db6445ca54cd3bc25e3db8efe6476d23e3c13dd637931220,7a2035a6aafad80d255100a0fe72a3cd77d387cd6d39d5f1a470273f62dc9dfe
cbf7cad50bea3e26468ff77ae8d724bbb52cf4b16f85223a03a11375,14af87837b551661fcb10cd63c9dee265f4a792c5185165420b4f305f780a75e
cbfa34f3bb9936db6e425b2c327606615a7e1ed922bdd92315d83825,850b49ed21d72267fdaa3e593f014637223e0d3dfe6cae2b4ea5c52945f337aa
cc5f15a0f8ded18934e5cc5f8f73cb151585be68e02aea8c92956aa5,1b899257eeabaa82669202a6c64ca69fb70486558ee5e0d7212fda72f17da094
ce325280faa2e9c78f6639c55cb1f8e2de10746c0223b0545bbb7317,f6c079878e12b11ecf8c347c4e648a0bc88e2cce772193bae76cbe40c6421741
cf1bbe22e7368907d3f73dbbd4a88f73c9457d3183d067c3cf068b5b,25be9a38369c04a4f7672cc3532221d4217378cb1afb2198cfac00d35950d55e
d0d32ae8b2eb2d1a034a9234524a16ab296778da021aff1a37947f08,b1a5048ec3096ecc23e28313f3f374f5c6260a33e19c4b2b24c747d3bf41f8d9
d141a247fb9d0e6b31f4e3bc161b0396220cb855e1d96b5eab7f7064,372561ee2032dd1ed1b06e2ef0269801f80b4089c24cea7d5a16383fd548c1c2
d3c2920c017bf81ace2b51b61efa1b6c4e94b6390df0fef8aed58566,5978f8839b9e1575aeb51a88b35047d802b20955d117593ec2b20fbdf3a8a489
d3f9468c1d40296aedc8b8611d6180f674cc057ba0ceb9d8380daee6,fdbe9c5ebad2e3e388de3aa996b5679c09dbdde346cf116f7257b8d36550e1fc
d5c7a849993870429398e85eaf3c696c1d0605c9faad021c81d33e50,ee7529aa15e3107a9d9a0c82aa796bf56a821b4a07365bbfdc54c61bd6fda7f3
d61eb013049784be3b73fb157677dace3cd6473b87f2c1e25991c37a,36d89e19e615f6f3f1e1c807ca2d12c69b786492f641eca8f3d3a3219619a823
d64193cd0ef313faafeb7464ac56d20df9439be5bba5c16ecedabb64,7b829f805a3b1cb25cad975efc6806800d165850347c077c3f2321bae7005171
d84ba9070a6afa3e09f8e8b7f95df16e58f2e8b8a8c1170f579e2a39,c6962c024307b4b9a46a4cced35cffc0c1e32fc138559ec0daf585f821a73b92
d9f03bcc12a595624049a4950c42fc0920b21b073f84d48c22be964d,f34925452262b97b3745c2b0bea5a723b37648b021058a044a92eb83feb7b180
dac925969060f3c37eba34dce8ede5ea42f0a5084eb7e91f2eed178d,f590694b260c0516ebc02a46c67da067755b43c5e88998131c4267e69b88d31d
db1018753659a073c43ad75c1f243f97a3896a45b81a61300ea96a9f,9a41b3c8fcfb6ae7db7143c701f69fa0287365bad2f293656a7498c0aff52f3d
db1f6438870a2f87fd561f9bcce7a9f535dd058ecbc417f36d0ef88a,b8ee0eb5cd8979d6e4ba527839e3e37286aa67d79909cfb6ba95743a841c5631
dc5759da950d173faaa8707b6b1332af2bd6d729b25f82e3700e221a,2343b2cd3b4a81ab68db3f36631fcc2bfb7d2b94531fdf5f7a388607d6462d0c
dcc251efb416360e2e4ea7b99b6b9c451d4cc022fc9610b3002238b0,74511e297e8d8670729af5a4eb08ff8b49f0247f1100f28ce5599b44f07b57b4
dcda43408ed1048e417572a4ac27f27324587aca7d0bbda93a2970fe,a43834ce94b067acad5e0db36cf4616c0eb6d4f70de522f19fd306c6b1c58dfa
ddf76a026d35e19f1a12ce16218ef2ad7802f315ed4da615bdcd790a,d45e6f5e898c40b2fe82dbd0c0de0f81e842903d52f0a7a599cc34e0a3e8dad4
dfe19d578c1154a9f4c781ccc7d6a31f80ca099e087971c0c7baea40,932aec9ca8dd215e81482104108fbc4749dc8213de2c7453c2c7cd10a8a0e78a
e02c38f730545add2f53d02a77ad1d810e352c45551ffbe65f98ca7c,25819521065c56146327136e2f40c705dba8d95454ebdd4c0580986bd62c50ce
e040920801b69d60c18e2bc00184655c899ddea7abad5cef45ecdc1e,ef0decfc0e12c513d6725a5a5addc7fffedb6dcb215b58df32340a73eea8a124
e07369c82e05b3b76d590dcca616aeb5a8efdfd8cd0e643dd549b2b0,728f5634e6b6d33763506bfd444a3d13cf2896202b42ca54eae38c1786fd8b98
e0a139573c8fb2976deb1ef53421cc02a33ff8e5aba130834100559e,6dc7ea47625a51b9757c10645374f587931ce1952a55759c595877e3ef2ce7d2
e14bee3dc87c4b9e00703513c2122eb2dc53c4db19862c16228ca9d1,40983f267a1571ef3a6e300b85b6dd1501af2dfa74e478c56bd366190149a598
e390a575536756b15cf0011bcdcbb4322fa38cbb5b5043bef69ece6b,cba561160445c6a029d66bab39bb08abe97212daa10661dcaf44fec8fbbd8a02
e4ba9ef73abf81cbfda27620f0c0dd7ecd811bc2e92ac9a11be3e1dc,b384ef9b2752f155c2129c64aeb58833e35c8c85af5dc4ba28b1c78b1c626ff5
e4bb21724f94975a2ea4ea6e5e3a43d229de84602df4bc4e89eeb7e5,8fbd1a2ebd4813dd095933e495bd60d83cb84ade1cd526e0d73e2d95f58ceaf5
e54d5f9340218a9816cafafc92dc3d5212b6d149ce75e9637cbcd7e0,e4698e1ddfcaf9b71085938c70ee0e999a7fbec360cac6e4f9b5042a62bac795
e5ec6131651ca902e7621c796fb90a7357ee5891ef568617bbbcd441,e880658c9e421f3f13036572576120306f2ec8518dbbc2d1d5b464f002ea89f8
e98121135b58fd77e37a58c51d2653ab631033fcf7744374c95274ee,72b958f4c845f797be208920697869d4372b4d423b50ecdc5e89ef54501d8f22
ea86780865b8303939f21be043ec64003745baaee6f0a88c0e3ad545,1097f8bca72c088cd01da60b674c1d9cf7df98a46a070ded01a17c9346597d25
ea8e0305a9c73ec3e1403be4995c8f844f472a9c10778208946d8450,67640ad634f19286c356cd892fc0bd2e9f749e550a62afab099ab4dc5713fbac
ebbc9b1b36729ca3a63c4574374cf349ff8b92e4577388ad9d779e3d,96a5f379eee0b5ec5d822dde0502ec6b43e5da2342421dd6b3deaa9bc5fbefb7
ed46e6f1e325befcd4e1c333e912cf570babee373fd8a3274bd318d7,3462c9f48bfb342994b18ec7c932c0cce12fb6e2c374dd78828b9bc3c54721de
eec73ca2652e1ae92852195ff3289dd991a83dbe5f989f06e1c96b64,0cac02dc881b88519077ff88bb0cd06a6d8b22dcec21abde0cd4dc195a7486d0
eecf9d1b9be615320efa6c7543e86a2730bbf5e8849ea2b0233f6e06,72f2c9657dcf593dab1afbcf529dee4b3d0ebd17cc906b7b8ef5750c2e35b70b
efe2f45e00f4e31a30a268e6d7b43c676b1a60a402e03606f04e1122,9c722bd83a024b14203272cabe72d7fc119fc5a1e3983f62697c145d2551caac
f3ff0cf44cf5a63ff15bf18523d15b9a1937fa8653008db76d66dafa,e5fdb4c0b6d7687e14765626f8a56003c8a087520ddd92892d507ced3bef140f
f4cf53927c8c6011e31bca5f70caa75fca8514e0e2cbceb533bf08dd,531b7e173322568fa7e895a50f71d8a5363681618d401b25342f6fd0666c4dfb
f53fc8a36a1ed800c068d6cea131bb077a32641b83252f008c6494f6,13f0667db7c95327ca6085f6917d80ffc331497ed4948f05f65a5517e1db0fac
f576ef654ff68f93b2554cce4d0691d4ce3b0a0e8742e5ba71a55b8b,352196224497a0fd7bad52d113767660bf70f8b11a8c40c265f7bfb359ebe9ee
f63fe13e72fb7b567eac1f6994c4938508f72376ec777a533b0b73c9,694e7120fec3d0ba40bb69df47fe554b4bf4e4981fe5333e04ec95dd06ae455f
f6c1aff2a4c000f8e415f140f97d282e8871bf050a2699c7f109fa8b,a6254fe6ad6c49045b9a19a4669d94f0bdebe905a2c55b10e361373a4af7dc97
f7c6f15ea5747f94549d7cdb6267af6ec233da1300a9bbb42e99c460,3df36b1b2b379bd3cca3707fbf8b006235be803c5b74c948fde45e801a6dce2a
f885e00086d22ad261bf087695c1c6e208471f4358a51268841cbce9,37ec26be44375c9c57b9f72b9da8a95e4ca53e73d6e358c531e7327e30896ffa
f9c8e7275348d3b1a3596c94095f43307990cc5f800bbbb256298658,d7870e182046358af23ec33b5382415b7464b09adb8f86f319bd644386c5fbfe
fa1a5e1e70bc2fa7f60080b214f7bf5ab14c51da4b307a1a792c1714,cff3dabe703458a1a9edec1ad1314a57a2602f4350d0df1c3b91c22c53b82e58
fbf0449bca0e9cf5f13d62aa46e783e4930a38c82411156d71e1f449,b9d1c81fe45b8e3f84caca82b6428a10db4a266eef590475b056d1418cc50d9a
fdb5834ba06eb4baafd50550d2dc9b3742d2c52cc5ee65bf8673823b,2a6a3d82278a554e9c1777c427bf0397faf5cd7734900752d698e57679cc523f
fded3fb3af20862d71643bb185d724e0d02522fd9a895def8d9c4d60,16793a985999656ff8c8c6a259c056549dfd20c72ff7bdc2d0931f406d8bddcf
fe662c24cf56fb98626161f76d231ac50ab7b47dd83986a30c1d4796,3606737b41e2c53428f1ad224f8a96b5c73c21028daa1269bad32e8eaa39637c
fe71481a51b89c27a5eba17c38a28aeebe3231ec8b3919c4eae6801e,4d51908683dd91f25462dc73ba37af9479b6aad860981bf66d744c784f0108d6
ff7b882facd434ac990c4293aa60f3b8a8016e7ad51644939597e90c,de7512f113868d949295667e47e91b5d977e21b46e7abc1a17f895ed69f1c973
