4,162d29c4e1cf6b8a84f2d692e67a3ac6bc7851bc3e6e4afe64d15778bed8bd86
5,d6b132e4e52200a42339255a794f2a6e6840677437bb84276ab955162fcac3e4
6,475acebd17417afc2eaa4102a2cf5defe3d3ae653dcd1e55e1220c11c86995f9
7,67d682b519036ae9e5d9b0e624ba3cddc4426bebebc56ba96f1287897c7f051c
8,9b4688a53294cb530e856161f69d41e300dd5d2f0407e961cc41c3df7e753b92
9,d135d14f78b7d082e9a8081c18ab3728929ebbcbba3ba05384df4c3cb0151f2d
10,e8d2160d3236d209545862350375c449d0ae40456241cd11085652df79fda95d
11,ebbe238f13c6512ca303ad234f028185f04621694428bf4036e827529fb8fd0c
12,40649b5f83c79f82255c1a4e143c144115f5bfb41408a18ea950a9a84b56a7d3
13,625c7ab49a7d9320b22520fde133910a57827eeec8624b08e5f5668525e3caeb
14,46921995b5a1032d24259097fb354b41208d7d702266dbbf178fe85eb0b0eb53
15,33543ebd7ec35cb66d7abf8e3405bf8862d4e47a665324723f9d10cbd796a579
16,883a41a78a9007ca63040f65c2980f47cb88e94fa11cd82e1991662d78f3bd9a
17,dbfcf9e6ea8a7e44d90b1bb8547b5977a38f908c9b55b20167f92ab7af74881e
18,4da42af27495ff618f17636f2df2de758b5da4823b0d63910219a1b91bfc3ef6
19,e3982bbd0e689508ef7701c608d7785f25b727aa87723c3712bcc2ff9180e12d
20,61b43660d0d353ce478fff87f2c24f3543611dd42f88648dc69fd050c5c63308
21,00808aeb1a31eee0b2598dcb201de3e7c11d8262f23e527fedd169dce6ae6668
22,95fd89728273458c72d7cfa390b8031829af2aae2e7ce48b1e63b3e508676bcd
23,3096cc5e689637adeab12653e75ecbc9693de6b1ee729320dd42fba78137e0f6
24,2b98e97ed0d2a397af50829de38ce48d8c72b6df8a7816ddbdab4647524495aa
25,3c2d54663526b2be37851be30e4853d669d6ed65a047661cc422c3ed58bebe42
26,b6672fbcd832aaa5413305bf069b3008f60a49a6eff28cc1332b7d8aaededfe6
27,74a43dbda9e48e22feaf9f06c5b00d418c744c46e773bb62337bf87dabfefa71
28,3c1bb6529c2d4449753798b3ff4b1ac5dd9e7892cc9c0655697a1ef36bcd53c8
29,59cf62fe5c457f00f70527c9ad03f67f0734fcbff9b0e890371f40b9b5949edd
30,3cbecce27221a23fe9df02737700c04caa482801d10dd090517c971604eae2a5
31,da15c4164fd8e2914baf9dfa390ba962a12ca603322220b4c1c7752762675e99
32,8c0c732b5d2dc8d38cee2e0a3bd5943a6262e5a897b663b6ef14bbc022d9d8b3
33,a8fe42799e15b523250d3ce34c2cb8a6a16d49b704d2f53214db33639d070daf
34,97449f596b155b76a935b538e8382b6ad8285febc911b7219a0df00f063d372e
35,32a37d97578121a4114e49980fb4dee28791a49e041ed8d9283bf6e1ec3196fe
36,b46dd29bdc9e4d460aa578b5e24475872e7a63f3e1c9b9f3fe636c30a2a4d7b5
37,58c333a158294c71c5354869fcedb26a80aaae0332dfba8fe2998e26eeaf3e1f
38,1ee9c3716b51caf8267fc4b325ba0ad1fbda7b2e5b5ae0ba7404b9f3bacc463d
39,f336d1ed67ce8e7274d4e1f779557515378e6d8e94da480e1599c47855eda46e
40,0dba869b8f02846a5e1e8737e31ad2b8242243f25ee0493e099406052ad758a4
41,10fe4f0907e11aa85257b0b630cbcacb3f939285f84fed6b885fb401573088e0
42,bf1b841195de9c4fc8ed77f9186193e45c054650fc2657f6a43b8c78d4fa13ef
43,994506ff1648af5d2a9a4d168f4b873578aacaed22ad23ce67c74d905a1cc65f
44,b77398e982355625efe03e948721a85326c4328d8323ba209d6118bc9e084cf7
45,1f1f6b6774aa8f29b03bb2b1a83a1f57eba231fa590d9b56ee467973b8cdf02f
46,bbabce839c15db55a8f2b2081b44d60a87c08dad3fe535636ce5f4b36fa57f7f
47,4ff608f1d2c8cd3f983c5c872c4309e75ff4de129ee3463eb77ea68420cd431a
48,74a4aa7657f30e81da9f396b4576cf9a555396255bcb6563ce0d45d41343683a
49,4ae36bf1630a6bd6eb31d9e86796e3f9c2f4019a7fcd209ec13d66852a7e95f0
50,011b6c34e7582e6758c6eb06d367b59ad91d2e6e2bf6610650cccc1845bf272f
51,31e33e1f8e3ad6c386e6979f5b45872465d8d98644502ee98dd421720d549a83
52,110cbc51ccdbe5ed9ec482da1d525d76c302cc281f52101435a23a160c1e8f4f
53,e231ec0e0a140aa46abb13ec35314906b4024fecd50eca8d8cb86db4d3c8495a
54,0ee98212af55bf99c26561a46fad29873c73a8aa5c0517adcf761e82c7e83469
55,cabc6f1e444e945c79f13284cf26ca8bf46b621f1ab116d202db4c09f509f7eb
56,833838fe51e17884db19294f83ce1d93e975b8986c8076132379ee702595d269
57,9e4013df1a7bd7168f1c86dbff76bef4188eebdfa6a85387e4ca997f76667886
58,3794b69ba874ef2da814645ab44667fe069f1bc85df10a20b686d0b88875a9f9
59,f1655d508216391094a1eb2048f3e8b9c23aef268325c2360f759fb8308775a8
60,7cffcedff8f247bfb999a62f9cdb7bc6c2af479840f91bb4e0671bcf90a11453
61,9aea82874499043586bcd933bd2380b2d1701b73c0050a6a39eb2bf9ab18aeb7
62,01622a687e3ce5ea8997bd02092e5261fb72900ff077f64b82643a4333f1566b
63,1ad156bd41e714e04c8866a0b0120b252751feeac86c0f4060d2a4f56de2e710
64,3dc6bcaae4c70c7bbc6ae5248d645abf3d8faf3f399417a6ea68d61f7f24b63e
65,874363609810442e6c9bd70f9a8e3f64026ef74b55b8cb0cf2acd2f4d533fa4b
66,66c166f7970103f935febc63afcce5712b3257ce1959b9d0f1ee53416d453b4f
67,c1c50a4c51bcf494705030524260a696f61e0ed2e6e29135f346d27000bee381
68,187822ebce664267e730f1644529dfabf29b4af86aecea4933ee95b270b3ba0a
69,4570ab16e8f8ac87c84a8625e45b991cdae5c8094d598cac61d44556bfcd2b84
70,3b50ce657f04eea052b7111218de8c2ce114ff046db2bb202c764fa902aea2cd
71,a625aa06767ab01d91904e770fd3782fc392113a1c264ca7b898ad4054b43815
72,16c3117d47707ac60090ed30562ac01a3424ab85cac0332bc0f16056c4cdd8a1
73,46a84b21ee3d4071f045a7216ad695ec5848130e7a349e8872d4ccc28407ba6b
74,2ccb4d9ce04a277790bed4670d5ef633211fc77a935d54f283393fba172b52ec
75,b25dff2b80da2b6802b46f1ec6398cc832a6fc7019478cac45ac7e77d97908cd
76,703e384d64826d4943266aab1b86d6ebe7c65a34a94370ddef9755d0f112ec49
77,61f89a1bb10743b4a598b52d39dbb9968c1a6d957400dd91154be263c3ca3bed
78,360ea4fcd36b0d5cc64654faf0de5579c409f33ab938348bfabbf0354786a390
79,78a0fdc3d1f26770a09d29dbf693da089908846d5adc82cc9d310ca21e14b087
80,6bd632ec27f2cf2f76ecad24bd9fe14021384a65c2b88229c3bc6259b5bcd53e
81,8bf1464cef1ad6a1fdd429ed27408a96ce2e8a098066b85c56a4a74037c62d64
82,a5277831fcbc380da7bf7d175ce103158d12e2ebdaa91865b399bb7f2671b2d9
83,2dcadab8bdddefe8920205b21f6fe62d1976784bbb09eec38411198b2dda3665
84,b1eb3bc9aa3b8c9d05fb3d45dfba20176b33281b28d124b80bfa0be54dd5925c
85,d97c4d6db4dca1feb75f942a5e3cbd492f6e9ed7a958a6f7ff075daef04e9593
86,48c0b2e01ae9a5a4cab1d81e57a7a3dfdde03c228d25f5c46218af13b2aa3b74
87,917715710ccf38c6fb43fa28362c178cb39160fa65442b3eff5897bc763c6cda
88,d7b62b7b4200c784680fe7dd0adfc9cdad17cf91ff1f837156518ce053a402ad
89,a311ce4a143ae329b9620d3af6f7de826f24cff4fd521c855feec136878bdf0d
90,ab3775c5d0496f0c6df6ce2bdade1bca0658d43fb18632aa6a59e88f7261e36c
91,61a37ce65e029d6521daf738470724510f201266ec87a368dd3361e99c06ff80
92,c54c09c57dce7bd7122059b35f6372168648bd1e58257cba821d46b1b05b9165
93,a9ea9792d85fbed2ed8852dbf13b034e6a58220f5bb3aaaf4fef4380f8885c50
94,a3f620b30b83d7aca530543d5f55ee230e88879f4566110f42e2fd66aee0f10b
95,78108042f68dfb17b13272f54b2b64e45955b6ac1d39b1a92ecab58e6702658a
96,454bad36493a17ef79ac0691a3dab079893ce3d1de282d180d6de58a7b8ec9b7
97,245f0a499ee78b588368a7bfd27752305cb9d0964ecd9e9cb9528e6419515bc2
98,d4e9a7f43f86e06b003c6ab199d5dcb52797d82042f994b7d67469630546227a
99,acbbf97e3e825527e3c4b48f19c1077cd0226e1254950164e808ea3753dcedd5
100,ee6937c7c58a27bc5d829c8985d15dae3d4fe2399fa6ee0e9b53a5bbfe220358
101,2c59709507af7d313220f760a83ec90dcd7b967d105c32471ec526a4ec6642df
102,2c7667b0cda90e2255059b2fc468aa758fcf128b74de44b1efd0d4e5035edb39
103,cfb5c62cfa948ddfadd6762a4ff335ac9a1ea75c4a2ad9a64ce353327ebec5f9
104,24809f8a5a5b2fbfccf96c97fa67c26c8016cb68c20c0d495ce187868731ccbf
105,019044aaf8b173ae1106e058b96c98098d1adba2f190e5193636b75a59d27efe
106,37323373160ad644ef2ffcfb7c0e64a288e83eb4118cd34566b18987c2f888db
107,7631d57b9a2f5c9b5fe89eeaabba4ec8cc02b84931a2fa34e38d216e6ea0ae38
108,0c5e03d6efee19d699d74cd25a0bef7e2b591a2cd389b1ed1851d92db7097f97
109,1587e07fefbd74104606cd46642c950d4f735906b597100280c1246c50b937fb
110,4eb6225f19f5c7988af88c89184f43241e67ec1680bde48bbc28c25f3e1870e0
111,3cdd6664a121bdd0a254c588ea1535cc4a5087cf282b9116ddc081f5df4d57d8
112,9dd5681235208da6eb01718a1ea6e0d84fb59cb1575d8a512778ef9cfc14ec28
113,76610fbbf1c3dbb7d6db762572f2673f0f44c5a731650bd363029751868a235b
114,cce230f0e7a43ed05e6012ffb7200d2455f056b2422e84a365583cb3558bd204
115,3da04bea72e25ecb730e1046a8b631ea4fbc4e81751086553373b2159b77669a
116,57c44c5d5facce89f448b9aaaf984fa6334b5a1a98c505034ba1b1ebbdbdeefc
117,546781a1d02ec9c580298fe171eb0f7fc29587a4ceb76afcc336fb2c2aac2074
118,70091287b5532f99f582c1e2d4e0f7376535f1dfa98953d45064a31a64295466
119,86f3545e76c03e47af6b1e3990fe9e7d33b4ed82abb85be85cb09b7bcbb629aa
120,1976bdea69218ae505abdb213c2089cdc155753c5a18b785041fb2b1aa47f14a
121,f80b9ba7ea6efd2e2d6ec4bb6d83aed5caa2326bd02ab792755bcec46dc00b25
122,4425b0ccc3f9fad13e38bca9d57a91627150d6f65b71cc1f517a34814ef3c059
123,f4578d85d9d95e28af80972cd0a2eb14586057eccb13faf630b139b217244f0a
124,a143238a29da898894cb167a7872f05089d7d963a70bd83f45d330b7861160d1
125,b6fb8f784745eddab46cebedfee1afb4cc548c9995e8f676e79162b4c8f05002
126,5462088735dbbc8e0c3f1abf8f2d5be6b12742644e1af8078f345204a0d06eed
127,017b37120ca43c8d9b9a9991c71b0b74bc978809f7f56703acfdf3d5f6cc5e65
128,268b34ddb9c77cd4736970cf634c7fdcdc6994f5e70b589c2190b77ff13d45b4
129,619f45d8f09ad4b512cae6cb8b60a0772e302109b26e092153ea8fb7b1428a1e
130,1e5ecbf1d3dcd62951fdd188ecbcccbc2609990efb2345f211b6524a8b89873f
131,0bebbc4c161b7918006a562f8b132d40f02af4c4b76be6028c9dad84ef680442
132,4275d6bda3fe1d484df20a4148cb17ac9058eb349ec690e6095f204a01291f54
133,46976a6299b34bf8aeb652309fc61e00c6e3b6289831c199989ac58df37d316c
134,caeacb468b436563c187c402756440b561e99929e90a46c26d5f9087dbb38fe1
135,1949b42bbbaf0439880078d8613979fabec3cdf0625d7114298a71290ca8f7c9
136,cab52a998b0f3141e72f5d945a036a0efd19facfae9726cc289231dae3f13826
137,9141a9c8e0fb6bbae9e022d0c01ac5d8d55d01bebbf5fd0007f8ae7ae5938ec2
138,809bf01e1ca0ae98084a113c3f1c08ebb34aa2acdff5e296bf3d0e9075ce9acf
139,b82c556380bf7caace619fc603945cee1e71f2cbf41120ccae3c1e7fe001c8e7
140,53ab48adb59e42c6955cf6e32d8ad13474df458d874f161508340d0704322154
141,bf7a333aa91a8188279324476c55b9c8041e0301c7e19993c711fe916f897c1d
142,4bbe7b2a03d75ce8f08aac313fe9c5747d6a5c1654c2ac78d3b0de7bd6c6923a
143,f14edac0b546339f83f9fe59ad30e5c1133c648902981101a5b516d25efe753c
144,22ff6f0904ad0ce374d09f576b25b591896ddfe9e5ec872254694efbf63ae36b
145,c31e894aeee407243095504692eaccd7eb06dd39e45cd20059dbe816ee38e76f
146,2df33a306dc1b6914bc35f3383dcd78a5f450b0bc398fb2f7083ad814a834157
147,883f361c1ded0e08a6e3841633ccf19f9783b5873ddf1adcb1d2b6e9f8b1a18b
148,5fe0cd17095dbb48e2cd3600effc17387eb6a1b157017d900f4acf265766148f
149,a44653fe2bb7325c7c41a26d3a20bb4f06593ea9c17d08e893f56177fe08a1f3
150,0eb8066a9fdd0ded11e9d87d4e30564b0c7588ab457b18991086f6c043b472f9
151,dd5b7a60a52f2904e43d36374f6506f000ee4a379ab1cacedd7e78aa957b2725
152,730998f2ca5b715afa290267e2f70c0d280b61ea07e096d327f33e2d9cbaf92f
153,c7a1a2726829daa2b5d0d41cb0a344bb4db467b6349ea6966a1417cc815ad30d
154,a00df013a1cd012b4528b29f569637e918e5f9536629bd4862de6dea59f1ab7d
155,1144022d34a41a38c5eb7067d6cabdd5084bf9d5557417ff64372cff117df6eb
156,3445c5e59177f3e517cc804e5d64cb27a6741f00dfcd37575c98a1e4c56dcae6
157,15fdfe72d8aa117aad718cf00adad235f734860da604756ba5c641c2025d9366
158,d65ffd83f9a8caae71d9b4e99ee7c0230c2ca5670e2bf8d6bedd6fbb3c639753
159,1a46a3723f722289269b5719c8da1042cfbd6d1e2aa5d3299e0ed1c5600f168a
160,dbe2aeeb0c5d7c384c182f57ac94ff5900f97d102ce6e22d05657893f6765628
161,a211249c28b4a62b9cf8db6793cba391b0689ee74762f53313abd55c67318300
162,995d3deceb8f783957bba3c0e2887e44f11fba8919134ae478835078692e3139
163,40dfd416fddb5d33585293f14de2af2acb8ca1a93eaf6aa35fa138c800683092
164,6dd757ec03af63f27e8178980ba609f40aa8b890c6b7f5fd58988d4a61552153
165,a7c4477e9fcfd519bf7dcba0d4ffe35a399125534bc8c60fa89ff6b50a060a7a
166,b2853ec951e7ed91b674a47c8276189f414e22b19d61d9da0ac7490801e4bf0d
167,db73cafa9410526009cb790ff5d08015c647d9ce312575bc98f28fc85a5c608d
168,ec92f1746571bef16360da2ea19f2fd8def7bf05f966e618ba4fbb8a6937e5b7
169,391414cbe2514db9f73da0006a2dcf86c3f7c49d68c4fe32a4b3798570f50a1f
170,c307d3eb574602b175e210e4cf1c17ae137d3f39141b1453b07570ab10237601
171,aaa64aa226c869db23436869574ec7c0c9610ab3d2241174c2987dc5f4648cab
172,99154c200bba185c215a3648e13e02b07143d4bc86c372bcfb57084ead1fd158
173,3081890dbb7079714f10e3a262b8b5239216b6a3cd7c4517d3b6f06bf017f819
174,39fdfcb9de873d4937930473359383194f9fd1e0ecc49aae21e9ac7f3e80a7b4
