8ed5ab11e76094fa2a2ab29fc3a57498d07e68f6fde6f326162eea88,57884786366000,336456263477551,
cbfa34f3bb9936db6e425b2c327606615a7e1ed922bdd92315d83825,34861151939592,336456263477551,
8ffb4c8e648c0662f2a91157c92feaa95f1a3d2728eaea8257b3d8d9,28983617682361,336456263477551,
e040920801b69d60c18e2bc00184655c899ddea7abad5cef45ecdc1e,21250730854004,336456263477551,
9ed23a4a839826d08d7d10f277a91f0e2373ea90251fb33664d52c94,13131678732819,336456263477551,
1e3105f23f2ac91b3fb4c35fa4fe301421028e356e114944e902005b,12968449127480,336456263477551,
e54d5f9340218a9816cafafc92dc3d5212b6d149ce75e9637cbcd7e0,10778598740604,336456263477551,
8aa469088eaf5c38c3d4faf0d3516ca670cd6df5545fafea2f70258b,10296863423997,336456263477551,
5cb14d2c1eeb6daace6057dbc8a6b3bea06b06f7dcf32ff35ee1bddc,8598295483936,336456263477551,
baba8f13322b33c1ebc2bf1e805bd8ee5300657ff2c0f0749bc892e2,8086308714835,336456263477551,
13e8600b86987e7b20fc539c83a57343d2e5b7fc646ea78f8322418a,7083684965888,336456263477551,
7facad662e180ce45e5c504957cd1341940c72a708728f7ecfc6e349,5512011221934,336456263477551,
99ebbcff468e4f00be5246f21de5e2db0e8b38f8bc0a7801c658f8cb,4269719419101,336456263477551,
18e91458ace981766dfce309ca905867314118165b31f896c583af97,4001663388082,336456263477551,
13f51e6763f58a2120b426c4f424134b296a1f2b39873b68934900d4,4000942972805,336456263477551,
bd66ac291ac521deaf22141fb0e5e2f0ed3da63159b9f49e1f500acf,2800340006418,336456263477551,
302e04cab29e6f0a0adb1a824abdd6e096c77566287c883581cc25a3,2319695518724,336456263477551,
632dc1a4d7ec972aa7c63ba56ce57e1a0fdd8a356f0949f0ded0723a,2100133277414,336456263477551,
d9f03bcc12a595624049a4950c42fc0920b21b073f84d48c22be964d,2066229076284,336456263477551,
d84ba9070a6afa3e09f8e8b7f95df16e58f2e8b8a8c1170f579e2a39,2017937268386,336456263477551,
429e1cf4c75799b4148402452aa0edd512111485e5e1cbe7cf93b696,1886323793980,336456263477551,
eec73ca2652e1ae92852195ff3289dd991a83dbe5f989f06e1c96b64,1737237709812,336456263477551,
fa1a5e1e70bc2fa7f60080b214f7bf5ab14c51da4b307a1a792c1714,1656636667384,336456263477551,
d657d513bd59f01d63e266b3472e2fc16b57294535a1f33d60a63356,1623288899889,336456263477551,
30b4694f065a12c7bc09b7d3bed3362e238ab2d42191369d96c46366,1614655977912,336456263477551,
934facc95005a97ab4a47a16dd001c0302d73f0dbae64f643825ea39,1608744071664,336456263477551,
d64193cd0ef313faafeb7464ac56d20df9439be5bba5c16ecedabb64,1608401998425,336456263477551,
5fc3083905cb1e91c078472c11527075118cafede4dc8d63e361882a,1607952095987,336456263477551,
74f5dd2551c2c0fd71aebb95e1f58d0b742c0fd2ff1712644f709bdc,1548993469244,336456263477551,
0ed90e52db2166b3a80e0711885b94f7950fc0e3898a573a8b98b0e9,1536425680526,336456263477551,
0b5ca58328f3f03438910f055bfd29fc785f8d4ba5bab80b51629da9,1434786099817,336456263477551,
95096da69d3fb64416be72a0c9ce474c72c59da0db19a556dc430abc,1412330728110,336456263477551,
d5c7a849993870429398e85eaf3c696c1d0605c9faad021c81d33e50,1401938919694,336456263477551,
64d60fc4972085b884f5d6db08c67be08517c873a692c935b1bdf85e,1361581723789,336456263477551,
209c6caf1fdabf53984cdcdce4e8d53f680165f33557a47c54b1dd6a,1276782700467,336456263477551,
9a66adc7e0a2aeed7cff0167fea2bf8359feb1426fcb0e8569cfeeff,1271836867532,336456263477551,
91e5291c8ff5a96bab833f219b4a8e792b077cf6bb55f44ce8bfd30e,1271101550491,336456263477551,
089a06986c7dbd50d411890a74ab9e60ba22d32bf6e59cb658491f2c,1242606619608,336456263477551,
b64b7aed0819d6b4d69dfe68d6566bb338e53accdebfdaed8f568e73,1230350676426,336456263477551,
647f00faaeef3a226d4375acb264b66b94c248f72919640a54a696f4,1227329021263,336456263477551,
9772d8814b1fdf3d429b735eb71e05b5797c807e22c299e5f1afc775,1224730970024,336456263477551,
ba66d1d25d8bbc158ae1941b03a5592663cda35391d7ec03502b1ad9,1208416911610,336456263477551,
f9c8e7275348d3b1a3596c94095f43307990cc5f800bbbb256298658,1207806131899,336456263477551,
7b56e64f55ed8126ae656d42d56e77099280fb576413646d2ee20703,1202321584055,336456263477551,
688d8f04100261e68f9e33476659a92c2366d48a5820d63f516abe9c,1200376621754,336456263477551,
097ed33e2485fe2955bfbffa66d0b3e58909363bfb707c7194ee4e5f,1199079694297,336456263477551,
923fab952421d005d0b1edf513d801857f0f63c76d02f7bb3a07c44c,1190083228404,336456263477551,
d141a247fb9d0e6b31f4e3bc161b0396220cb855e1d96b5eab7f7064,1189466669589,336456263477551,
35431c3b3b86e34d30269c9dce37cef6a42d56e4843ca2883e3774ee,1178837598786,336456263477551,
a71a124e7504ab06afe9155efbe6b3e8f7d42efaa1662f98f11eedf0,1178170813283,336456263477551,
abc0b34609b6df037fed7d0a65e99993b1d773fa379ffe971fdfe363,1172071530653,336456263477551,
19368cf221c57a7afa16870fcf99040e4142412fc608e43ad882065c,1171809729618,336456263477551,
6213abc3ba4ab0bd4b740d5566f236b753080b8d7a8df3cf66e47abb,1168284612576,336456263477551,
212b8cef18dcedadebadc4cd9688956b07f7168d97e750e1687c820a,1167915764446,336456263477551,
5166f69443ff7d35a65f75c035ee7ebf7f9dbe17c49b4d8a82ba49b5,1166310235564,336456263477551,
fdb5834ba06eb4baafd50550d2dc9b3742d2c52cc5ee65bf8673823b,1149302903820,336456263477551,
48f154eb033ddd690fa440ef065be7abccd63f94520bab3e9f1b62b2,1148955725000,336456263477551,
ba2edef7d8bceb725ac92dde87900116a458a32667fe27bb412c49e5,1142501409690,336456263477551,
f3ff0cf44cf5a63ff15bf18523d15b9a1937fa8653008db76d66dafa,1134125965015,336456263477551,
e98121135b58fd77e37a58c51d2653ab631033fcf7744374c95274ee,1125971586914,336456263477551,
938e5393543cf32675de87c6ba0d32777c8b10ffb6ae4557ea442360,1114442107765,336456263477551,
db1f6438870a2f87fd561f9bcce7a9f535dd058ecbc417f36d0ef88a,1108799785913,336456263477551,
22d9054be35a57d0c10dbaffb3e2ef3754d8e63f84d342c85a3ed76a,1106977396512,336456263477551,
8e8662bcd35bcc0e376974257eb712cbec716264b25544f07b362ea0,1104371078431,336456263477551,
535afda0b1a6c46d0dbd25a68048fdc80c35cbeb4524b6e3035f82f3,1101762665121,336456263477551,
f7c6f15ea5747f94549d7cdb6267af6ec233da1300a9bbb42e99c460,1091802796883,336456263477551,
393f0cd18e16a3db90f4140dc5ac44f73c2eb672016dd707be20064f,1084518387500,336456263477551,
1c17646262c9a7dc6d852931d4ea6df4006db4ae578acd6360a3737e,1074334811298,336456263477551,
9830937b61526f07394627818299d8bbf9cc8312fb1d0bd530954e71,1062452127843,336456263477551,
63b49197a85d0ed90c3173d6ffc27a5c5455eb3c800c2a710d2bbd9c,1058412424529,336456263477551,
b196311f2c4346e70dbd95dceccd1ab1f248498044e8519fb47580ed,1057618217772,336456263477551,
2d6984805b2281950a85da5aedfa4e02f989e139cd0d669d35770be1,1057230197566,336456263477551,
3c1810ae664e179704de9ae7bff444ab8b81aaa9a8f003c376605087,1056817133664,336456263477551,
7cc911f04229b39ac3760d9458e4bfe32c62a7898f8421175ee191dc,1054499060372,336456263477551,
d19e276e92f7d8f4b07febc51f7a19df877eabe27590c8745cf4d229,1054333447820,336456263477551,
3f8809a02dc5bd2387be196f70c52136775f1d2072a76f9074284367,1043759655120,336456263477551,
8ba4f88f4e91feaf93bf3051a2da1785cb68fdf9935914abbc046254,1030032401159,336456263477551,
65a73f3591a5d9370919c9d5f461073b3d58e056246df38b2fa84487,1026264834918,336456263477551,
e0a139573c8fb2976deb1ef53421cc02a33ff8e5aba130834100559e,1020863794853,336456263477551,
005464e159dff5c5f8cc229e3fb31e638d993fb4c3fd9daeac8cc713,1019497632698,336456263477551,
4efc12c83722ef9cd9a9ad98ccbe53880a7d25c60238e078a5162a31,1019497290916,336456263477551,
4e71a987fe254065d5ae66fe86d4f539f7baf39ab61a451177f5b10b,1009000000000,336456263477551,
1fb53edd81fff172db5c5511ab23737f80b8594e882c0cb9fa11bb87,1000000000000,336456263477551,
ad4396a0f7c47e3d69ee8bd792c80ca0bffee61945cec5c42b4ae90f,985408057505,336456263477551,
829a399ce57191016df4a0ab79526ccb1ab698a0a7f1ad7dcd66f1f5,974809241244,336456263477551,
8a77ce4ffc0c690419675aa5396df9a38c9cd20e36483d2d2465ce86,899912212592,336456263477551,
f885e00086d22ad261bf087695c1c6e208471f4358a51268841cbce9,844960680595,336456263477551,
54977486bc076ef24dab6f34652c1d33113f871ebc5e863b2488e03c,834320648805,336456263477551,
1d9302a3fb4b3b1935e02b27f0339798d3f08a55fbfdcd43a449a96f,795284753411,336456263477551,
879d95a56b9f951bb1a6345dc80bc41984b1353cd37749f2b2d2f92d,710578680181,336456263477551,
5564054a595518542c72358e0dc6bc90f10ec7702557b7d67f52b4a9,643036855230,336456263477551,
49425909ac068ed17ca9d418e7c20ac9c7e12569839045fc2a47846c,479800536251,336456263477551,
1c07dbd3648fe70545170b6f6d390136c1cc66ec83326f5d94a0fd3e,423474284567,336456263477551,
13b76e10523b8964b4053a14782ec1028f67a63f51a1989ea3cd0897,343622643866,336456263477551,
39f2beff04e3497a9b9ded772ede1a54b92cee34bc7ef55d6788a5c8,319584678428,336456263477551,
2ea874177eeeb3e62ec4f6bb94e1dbdfa8eca1253422b7aab089fe7f,265052265160,336456263477551,
f1ff152047e3325926f72c0023bc69d1dfd86288e983505173eb1fc1,259125633996,336456263477551,
742aafe87d7024ca1f03853f1531f9cee209cd019c92df642e6d7fb9,251002504991,336456263477551,
532b18711aeb38e9d6874bbe67cbcaf807200319c1678291d6554cf7,229607001607,336456263477551,
ca38fb74db6445ca54cd3bc25e3db8efe6476d23e3c13dd637931220,201041740102,336456263477551,
e02c38f730545add2f53d02a77ad1d810e352c45551ffbe65f98ca7c,192228404390,336456263477551,
9c86f8efcb2d8ef3a71d61c3734e16ee075650aea6260402089f10a9,191795490045,336456263477551,
b2040523c8f8b1cf6888c7d5ffdfbb94b8bc2e1465f2ad891fdce923,188116694233,336456263477551,
865def3b7ba910d9a963dd28944b16396892019398008dbb8b21f40a,169859000450,336456263477551,
cbf7cad50bea3e26468ff77ae8d724bbb52cf4b16f85223a03a11375,155714322294,336456263477551,
a370f9abac03ea6fadcb3ef922cef43ef8dc0767ddc6f1d199996207,155707830952,336456263477551,
39d9c0a597acecd8bfd0766a47aa468ebe3f6734023fd642dd791c13,152704806059,336456263477551,
a5ac468d93b00800685bfce48fc2c0773f6ebc032d1c811ebdf6c5be,145330841550,336456263477551,
38290e9040cd80c01333fd91de8fe2ed24615ec4017b6c1403a1168c,142988751264,336456263477551,
9a5cbc822385b5c119d3c4bcc6f408459aad466f89ee9d1aee1c8aa6,138485508456,336456263477551,
8d1a25d1869fb9b3acd1150e25f8cae2f53e6b214993d9b430a0fad7,125756508191,336456263477551,
36aeed8d34d88f76bd53a1a24c2208741a14e4dc1b7283241e855d0c,122414372967,336456263477551,
c997e00dd2174d86a6ed9d814daef42f2dce2babc234b4003bcb02bf,118353225488,336456263477551,
b75e11cdd0ef22cf6c694b8e2fdaa8603dde4d578137fd9836cce1eb,118316890088,336456263477551,
e9412e545709a5423974c8bc510a5780915f5aca682b05ffec850047,114220306566,336456263477551,
30d3fdfaf69f59aa2e38baf04563b58519aae47b5454f42a32cf3326,111723218752,336456263477551,
ffe039fe34b1d445e26662af33231a40e049f31015ccb91329eab43f,101680534329,336456263477551,
bd70560a29a8f765aaf8a10efb2ea3a7f1d903dabe57cf4b8a2ff24f,100434595458,336456263477551,
7f40eabba7c6660e2dfbfdc73e9137bd65267ac44144cabeaad74d0f,97593028573,336456263477551,
b56606fd8d2923fa8d2891d3b3bf7818d18622c6f45467cdf59013db,95652119845,336456263477551,
fe662c24cf56fb98626161f76d231ac50ab7b47dd83986a30c1d4796,91852276169,336456263477551,
d3f9468c1d40296aedc8b8611d6180f674cc057ba0ceb9d8380daee6,87383474610,336456263477551,
c74252b32eecc1225732c9bc2a3ca5b82c0685e4527abde4b86e21c2,86379109672,336456263477551,
47ab3e3ef91004d7fa4db7a886753ad50631381312bc7a9b2f5d16da,81609885789,336456263477551,
b946c9175fcda04b6e5a6504d73b11a2bf33fa88a6da0ce4c282c6ee,80302024248,336456263477551,
ea86780865b8303939f21be043ec64003745baaee6f0a88c0e3ad545,72064880332,336456263477551,
783eeb6885bde64acdd9e5bb62c4897acc3359e1adb582954c55edcd,70597231384,336456263477551,
fc088edc2f197cb6acb96f9a63a0e4379bc2eafb65cf407ab8c3b0f7,69278250884,336456263477551,
e47ebe6d5fd9e46fcfe1b8e3d65a8f5cd143c3a674c569ba6f48a1c6,63200000000,336456263477551,
d0d32ae8b2eb2d1a034a9234524a16ab296778da021aff1a37947f08,61007023099,336456263477551,
0ac9231714582bee06a840b442535e51b6ec0a221ea380615861d850,54963077133,336456263477551,
38c884ca792850019b5f32ddbadeec4d66df2568d00ec24c4627faeb,50672034954,336456263477551,
a39aa1cfa06e072018c377c7969dace286ce1a10c2a866942f1e2aa2,50415937840,336456263477551,
ebbc9b1b36729ca3a63c4574374cf349ff8b92e4577388ad9d779e3d,46835121110,336456263477551,
e4ba9ef73abf81cbfda27620f0c0dd7ecd811bc2e92ac9a11be3e1dc,46638924359,336456263477551,
2261e061e918bf66128376a6171305ab33e0d9e5af10234dfaf1f628,46355813716,336456263477551,
bd5d42dc1614ebfa575d381e497d25ac8455b0f404b1da86582fe79a,45841339126,336456263477551,
032a04334a846fdf542fd5633c9b3928998691b8276e004facbc8af1,44877842676,336456263477551,
9b4c92eb5cb4c072a0e6670777e1bc8586a202bceebc702e81b1315e,44054697720,336456263477551,
8cb6f7bc42ac68dcb803749b49aea1a2495d789657dbc56de4008f3c,42854371387,336456263477551,
9d5b2e3ad63c99823857a3448bd017852efe2184253b74ddb82f8d10,41982549691,336456263477551,
866b15a7f15530fda36d8fd2cfe7f2ffe1b2dec2dcee3ad392b99fb6,41382872264,336456263477551,
a1f2f3f59e0f0c547394f5449e752b2bf32ed8d0b00719c75a3d511c,40388439446,336456263477551,
2077737e63ddcc14f596fdacbaadb56f46b35c376e3d0bb314b4ed3e,39996297250,336456263477551,
3a5e95bb38118f62018fa57edab43de60aa0809ae3075abbba31d97b,39490536336,336456263477551,
240bf82f55d882397b8f516df33253819e087ae22cfc89d65c503421,37931921938,336456263477551,
320d7dd448b659f5c2eeb789913165e4de7ecf051dffc5ee840fa435,37774370290,336456263477551,
8c14afb5bc75dfe30e26c660d87ce51f24ca8737eff4e8a1bc0b2a3e,37176659508,336456263477551,
2f29763b1ebee8e1c1eb4d2d3bfa3e884e7ccca85a964eb684927922,36896328019,336456263477551,
217aee81f9662e80cd3241214893f2e4cdd90853a15f5a17b923bd50,36393692675,336456263477551,
f5954d3ab3fd926587a1206f582038b8dd54bee3064308009ab51705,35109337588,336456263477551,
ae52b07b6448574127bda67307053176a0792e709e5877e99b206d8a,34678225356,336456263477551,
577fa51def6e59fda1b639a800ba275ce50da08486be369cf7da5ccb,34317620500,336456263477551,
50d1eb012a2471e96ab16ee8f39b7697cb95dd21ba508592c1d19246,32452290695,336456263477551,
4cdf1630b733a8203dccc29eca6f4daa2ad1ebb4a6e3b7e8ff2f4ead,32077359139,336456263477551,
5517c48a203b9cabe638707d89bd5f826b5e1e8b9fc98d980f268394,32076638562,336456263477551,
49f1ef88b1242ef7d9e5fbb67e13030783f34054b01cdf60802b3504,31758456015,336456263477551,
8dd1d6fc866a22fd26b1b16c5a3d9ade293676795c0527ecd2be9d3e,31254688794,336456263477551,
b0744a3975e4b2e5fc04acc0bc676824736b01e07774c72221000e89,30943174420,336456263477551,
8fe15627efc0a6695df2dfadb1329da3927c9f9757b30e61db526bb7,30533339876,336456263477551,
79d0c026a04ea4ac4029e7565c681a1de3886235632f9171f46ce27c,29842708237,336456263477551,
ce325280faa2e9c78f6639c55cb1f8e2de10746c0223b0545bbb7317,29785359787,336456263477551,
9d9206dd370766a81c3e5c24fab1289402caf9d2b61eb14f3e2d6334,29603772827,336456263477551,
0dd0bb46486900afb600ee62dadba13fce101fe4eb41dc3137c34c11,29497278112,336456263477551,
082a97917ec00ad16972d425ac8273c6765deb4b3339c669badea430,29495078203,336456263477551,
122a7ae131bb43787b1bdac3a91cf6a48c6a085473a10bd126406d35,29200517481,336456263477551,
c2ad5ac361994b2a9b6b3b88a4687d18e807c4f7144ee677aef4efb0,28564034913,336456263477551,
58bbcafea60dab205fdad776fd9cb30aacaf59e17bb355552bc97781,28521024598,336456263477551,
4762af74ded2dddd81e2205061e1537a0ad63af01c476727434feaad,27902653740,336456263477551,
3fa5bb77e911054c37eeaecc22acb3387f83065e667ddf57767d39b6,25838260878,336456263477551,
46f31ebc8fb804ab6c8c9d2c00ea684fab372b822058e792661a490e,25559221094,336456263477551,
36caf09e7ff5ba0642161b164069e2f3c66af52d4caa6c98e5e15138,25530586871,336456263477551,
a3fb3d4d19a3a611964a0b79913d2954fcec3d09b6d272e98e4ef07b,25429587774,336456263477551,
ff7b882facd434ac990c4293aa60f3b8a8016e7ad51644939597e90c,25390989206,336456263477551,
3b4d4ec3aad3cb82c7f6d23ae91261c2d7cdab55d179afc82b117d67,25115419426,336456263477551,
8fc1b280dc6406bd2cdd843a2b16b2c675d88351087712664f1cf245,23654861673,336456263477551,
b6baf114d0bdfa3543ebeef7eb441f9866ce049cc2f51b05fbf3995e,23396113790,336456263477551,
a3bdfcc9630daa7d1da3c1efaa611bdd1f507e62bde8aca8936a070a,22943861929,336456263477551,
4d1babf80ca83561d19426f286a1890c56414f8d068dc4357e9b9ba4,21799144759,336456263477551,
f53fc8a36a1ed800c068d6cea131bb077a32641b83252f008c6494f6,21717473789,336456263477551,
a8760d34a4dc405388bc72b080d5983747a8602e7e28f45a1d8d8c27,20950125763,336456263477551,
502550d8b01eb6633a69916ece492f1a9a7c55675d9d8ea663934260,20224954342,336456263477551,
2b4ee45813f0711891fc22974619e552a6c131fda14a5cca4f4c9a43,20039979375,336456263477551,
4981675b8bec82a60fcb8b02c5d6082791bf9b2b44c97a7af69f87c5,20015330811,336456263477551,
5ad7299dfc161841304e529ea1c4dbf668d169eb4c9ab1fcda658326,19997826911,336456263477551,
1e85ddc31b88419d52597d3cf1a1aff00dd94103a01063befb071db8,19995651310,336456263477551,
0312ea8e3de121da6ee1195f3f6f6dbc294940e8691d7791598c09aa,19908946538,336456263477551,
7355064677499aa15209a4a4bfe48e011eda68397ba31f184162b5a9,19833737500,336456263477551,
aace7710564e419346b792edecfbd119c668e46937f50aef1610aebc,19765649630,336456263477551,
0a095b2370d599a30d3f678007fb6d91dd2aa84de6b498da64f1fe4d,19698057154,336456263477551,
929ff8aa67e4e88c66bd6dab59945681f0d64ed1eed1c1c38d3d7d87,19595400000,336456263477551,
95299757c242561bd2564e810e72e6771eb926a967e7a550bb0826fd,19591803251,336456263477551,
e68ca300c1b60188a72d93d7ffb134c56c7fb8c61caf0eff4372d47d,19590488471,336456263477551,
c1f8746cd9083858f5a6bfb0a0a068e2f64e26d910495a56efd0d55b,19508607305,336456263477551,
069ec1c31616562f2b67a8e06bcc85aedb62b58de18559baeed55489,19507200000,336456263477551,
f6c1aff2a4c000f8e415f140f97d282e8871bf050a2699c7f109fa8b,19502757409,336456263477551,
b6f6e811dbb721453d97b1d562f18bf99e51d1fcb4cef0cd461ab529,19497629970,336456263477551,
37439d87ed8198bc9eb4638d6527fb06ea6f487702572a0221a02ec2,19497622798,336456263477551,
eecf9d1b9be615320efa6c7543e86a2730bbf5e8849ea2b0233f6e06,19495449817,336456263477551,
dac925969060f3c37eba34dce8ede5ea42f0a5084eb7e91f2eed178d,19485268960,336456263477551,
492100dcdd67f1f0b5a46c0d5b444d43eb2d0ed0bd8cc4f9d96cc85a,19352074264,336456263477551,
e14bee3dc87c4b9e00703513c2122eb2dc53c4db19862c16228ca9d1,18622427750,336456263477551,
58fa45ec1acf9718f0c7d2615e58f1f7d7fa6af361536696959b6c39,18495448497,336456263477551,
712de1a845cac59608e4e6395907bbb2cb44bc725e5c75122d34446a,18494515876,336456263477551,
301069670d2c8697a0acc8d6a309abc946970573eadf175d22d15754,18394762601,336456263477551,
37654753711f4e6205943dead93256dbcf22d67c2baa59f5bf211bc0,17948753391,336456263477551,
8b5cb023f4fcf21a8a993b24cf6534001aa79682dff18145a53be82b,17625780742,336456263477551,
50fd03114aa30b5de8180cc4bf20f4e987b1a0a8c3e84b07e2b3b9ee,17364754531,336456263477551,
e5ec6131651ca902e7621c796fb90a7357ee5891ef568617bbbcd441,16171042958,336456263477551,
fb574b5512dbd8356bb5a4fc82b3954a6d5f5fe401a4c1652e8414f4,16023626997,336456263477551,
9cf610589eb609af7dfbbb2d30728009a0fe68cea6083c8de32ab35b,15266694530,336456263477551,
10caff4f6980296efccd94b91a966e4692f8fc89de2490605454935a,15068711225,336456263477551,
047c354cd7dcaacfe086cb4255e91d9fde3cc6e24ebe51be42a3b5ae,13433496590,336456263477551,
df6223c786db03d31bf14074262000c352d636300808a408e97bcb58,13194241596,336456263477551,
998dd7a084430fb80d204b9d4700ef47cdd6d9bdad1e8eb2c87bc2ad,12992635740,336456263477551,
933d9e7345162f5d0fe5ec6799f7b4785c40cada47b82250024c61ed,12878667859,336456263477551,
4c19ee47b85b4b1f1549a4eddd69e77fd5b7e7fcd157c65bd5008e8a,12560602455,336456263477551,
27aa9ad499cb47f856727913abd02dfd08bbb69dbefd1b4c098c6e96,12307106860,336456263477551,
375374e1972595820fdf08d75ff0d2c1917388fe16936cf9ba40d8c1,12287095935,336456263477551,
3595bfea329bc726d0b438b9fafaf8f15f3c9268b604f581c61b573a,11910728142,336456263477551,
a83014b666e225f2a1b70b76cb613e50f9cafc7249a7a63c4c1d7bfd,11563624113,336456263477551,
1b86be724ac01dab26e170fa820adc109b28d063435feedb9e3f05e7,11508189713,336456263477551,
278e05dc32c3c4c03b9e9a504f6fd4d295a488f16dac43746803e5c8,11496974042,336456263477551,
624fcb718d9facc7dcc8daa3c5cad6753886ddc968cc4a6bea5e9cc3,11417217546,336456263477551,
8e971ea2281652be79bfd9a456b2d4c495d9db80e4ba1bb26f2691fe,11295029694,336456263477551,
8ea3509e86a3784e69aab66277c55790c94c6af4557e5b15c0eeb8cf,11222188756,336456263477551,
5de46344f5718d914cd4ed0b1ccb9d03406d65e4050544c4f2138291,11197454238,336456263477551,
131ff6a0610a82e10e25649d822454f64fbfa531528ae212cba07709,11093944923,336456263477551,
289a046cb7dc1639623a95ceeb6690ee96574bb921b5c3905dd15b45,11051380822,336456263477551,
6cb2a062880f97e8490da4b4b864b0dd9c07db22863043cac61d1fe3,11006161103,336456263477551,
4623c2e06eb0eae35a985a02337760e40038612a57c68b61eabcce33,10996673809,336456263477551,
bc0dc8ad327ed2154f0146bc3946c47380ce2831b3f0019d227a2f33,10964874523,336456263477551,
480b9795012001d98ccf5132c9b9560812fd477f76bad92d44bd458f,10495391429,336456263477551,
dcc251efb416360e2e4ea7b99b6b9c451d4cc022fc9610b3002238b0,10340641115,336456263477551,
7af0c38f3690b7b80cfda4a38e165e67ca94cbde85defd5a89ebf032,10311367957,336456263477551,
c6a8b8ecc9630dfdd1288dfee577b6b4475c972cda09834a7cd5ec43,10105963306,336456263477551,
5e0d3983d1239fe653d1729bccc3a76d6557a2e9b19144ce3ecb33d1,10092033538,336456263477551,
4801468cb1b9fd5f569724eb6ffb7f601f22ff5e95503366f3090719,10057041250,336456263477551,
3f64a6f50ac4f461d0bb11aeb2113c2daefb955ad43c517be5b83ec6,10044893078,336456263477551,
20d7c344f64c9f17b023456ca4d74038c164ea10d12ca23099b40f6a,10015471465,336456263477551,
5a416eaecc07257d94e926e038c808116ffe68ad2301d423d89d5f2c,9997649330,336456263477551,
690943f20be4fb71ceda4277c0a4d0614b0582631f0c064a90926de6,9995686749,336456263477551,
aed891d5f266798be7cf9c76b006fe3c6ce359667aad952ddd97055a,9975912931,336456263477551,
fded3fb3af20862d71643bb185d724e0d02522fd9a895def8d9c4d60,9804716348,336456263477551,
411d42410ee34c2f966e7e792dd77149d8271a398c8442c5913564c0,9801451274,336456263477551,
5653f2a1aea5318f43a63e0148076348a475d3c89283a8c1eb498fb7,9755070149,336456263477551,
ada587f4df87441fb9222e42c99cf03eb5744fdb6749da0443cb26e2,9713455374,336456263477551,
172e8bbcafccba96097946cc62dd5ac36d1cf17ce0dfe8f8ac243973,9598100000,336456263477551,
57193064fc01e49186d18fada88509b25e0d7e7823c40c13e9682a2c,9512621258,336456263477551,
4b7c850207812006121b5338caeeff0ae86aa039af46141a41891fe5,9507310995,336456263477551,
596895599dfbc7d5cd05a6fd602686c5eba521a16e74a01703a9ea5e,9505974218,336456263477551,
72695513e5c1e88b4149a92be2b153f816919d6fd31eb69fdebd32f0,9505580296,336456263477551,
376a90568c7ac62662147f919fc5a919a1ad9ed853e056d244f74b63,9497631950,336456263477551,
efe2f45e00f4e31a30a268e6d7b43c676b1a60a402e03606f04e1122,9497625042,336456263477551,
cf1bbe22e7368907d3f73dbbd4a88f73c9457d3183d067c3cf068b5b,9497624778,336456263477551,
415160cb566aea8dfef34f88267885e2810586237af754e8fdafb961,9497624778,336456263477551,
92f4b4d48fcc2e27f502738edc56ae02e96b1c8be7a2f239d1f7704b,9497624426,336456263477551,
dfe19d578c1154a9f4c781ccc7d6a31f80ca099e087971c0c7baea40,9497622490,336456263477551,
488e0cd0e4701041b037a5dccab33ceff8e6135c63882446fd90c931,9497445813,336456263477551,
b6e8b973fbb85c41f4766f62d086216069d6e05a6c845800c70d0332,9497400000,336456263477551,
5cca813d7302ec15d87617c6265a58e49b6efc964db4389f648ce9da,9497262140,336456263477551,
9cbc23b06056d5c7d158650f01f1b81c9568cfaf08045cb3119d4a77,9497237896,336456263477551,
25653ae76a05d7e600ecc9e151e573aa16e3f1f7e9d4ea9e08d210d6,9496612676,336456263477551,
8601d9fc190f7235cea280d58e24a1805017206107a11140766d6ed8,9495000000,336456263477551,
3f7fcdead371ba255b8ab7858f1dddd5bda76b14fabf50990a9528ed,9494478065,336456263477551,
c5d4b8a8c78bb53c1bba4a185e3c4986d031dd8f57281bccf1b76584,9397642158,336456263477551,
44c8ea3047190e295cd41186b6a1e40629b7de263e8328ab42e6e5f7,9397280620,336456263477551,
df8c21fdd1a1f024f26d1916c3aaeea3ad041e083755121441464949,9397280268,336456263477551,
31a7644b32bb559006a8e424d3c14b983491baf5156919520a67fdd3,9373426163,336456263477551,
9d2fbe6d33b88362d719c56dc3291828d1805240300270b265cd9561,8997446957,336456263477551,
1c0c7584b3585820786532f62db3c18b324b850e52dfad8ee2fffeea,8992068173,336456263477551,
6096c216656f7a449e7cb53e576d159ff10ac9e9a75cd93672b259bf,8496924885,336456263477551,
898b7ae5ef32f4c1f85e75c74553f67e7e272d8b888a1100031df215,7997531463,336456263477551,
120c41a0aac0efd74b3c3283d601b98e15d7a5107d91bce2d69c9fbf,7944153185,336456263477551,
967d107ba63dd56cfab38fcb11bca17821764c83985e3f8f169d0d2c,7833206253,336456263477551,
3e95389a78512a51e45dcf9ef15551fcf2e36ad4bcb52b3d7f7b047f,6494984394,336456263477551,
63f6288de1b069964b7a563cc1b7405455e98dd4e5ef03a7290416f2,5004831243,336456263477551,
3c8cfb7120032f89589edff50a6bf91704361ae762ca7cd832ac0457,5003784709,336456263477551,
66ee887249c00933cf54a90cbeb3f09211972bb1b4c63d4366c7f284,4497634194,336456263477551,
b1ac7757145e8ed670b6d19c921e1feefeb73b23fbedb01816b5086f,3610089065,336456263477551,
17adcc287e9213b671cf4f440140e1be109feab6db778803c2ad5eca,3593060672,336456263477551,
370ff92fa4a9f786ee7ca826dd7cb0280d9e7a2e7df5f7a02b7bcbe9,3563106258,336456263477551,
ba2139d0837a2839dc00ea4e856bed83397eb2f64ec866cbe1e8c7a3,3147699780,336456263477551,
74e1ad54dfd6aee81bce4d0bfe4c1433d71d8ebacba32a411b3ae86b,2705909116,336456263477551,
a2bca32a03b4ba0340e84f314472479425cbb25d88a7cfbb772fac35,2497634150,336456263477551,
d6329418eb28f3541140ef430b9bf1aec942775687af2cc4b68872e5,2497634150,336456263477551,
651272af9daf31b9160f456ed95a4bd861ce4cd216a08a2e45f76cf2,2497634150,336456263477551,
0757dd0bec837ca608ad04ef1f46266b0a020da245efebce8b6cdea6,2495976473,336456263477551,
ec67701d0da6294c933a5d2fbde3eca918bc2d1e562d890b27cbdf9e,2034277443,336456263477551,
7500d33657a954a4d03d321b99471948bc5addd2fccd11fc2646bf2f,1896101215,336456263477551,
e390a575536756b15cf0011bcdcbb4322fa38cbb5b5043bef69ece6b,1795480345,336456263477551,
4312bbd1607dda48eda594639ce9dd5facfafe6e902b6dda41dec72f,1771072739,336456263477551,
76133747093a9e252413a8f7fea54524a99993799d7ff79e99176b92,1674161230,336456263477551,
3293e33479f2b1df983493e96a20b7642c25ffc57b0b99a113aaa50a,1645747368,336456263477551,
6a9e90127c0e1c2a571797294811228cf70d5e36e89c42f5e72a2fb5,1001000000,336456263477551,
5b64f3b36f24139f201ea072e682a5a2469df9542b6da66a865e1c54,995616330,336456263477551,
277a1a875efac3e2ee93efa0707470110546ea7efac06fed2ae84503,847633270,336456263477551,
62d3773887d1c644d4b28a5743f111597e0ad5654b71d613f40f5d03,593208445,336456263477551,
76051da51ed2d6d3affedd2a228563855c14f566f31cd292c384beb7,549640431,336456263477551,
6f1c33c0be5c3fa001ce04f9fa78e79e4b52effba734d5081e6b8235,502700000,336456263477551,
07ced997fb7a994c89b270d794559538ccb26e14113aecf5a450c1b7,497700000,336456263477551,
9b891ff377d6da3741631af4d908cb9fa7e7c1f9a5e768f5e2098aa7,497700000,336456263477551,
0d990d6b5877c7d2d5c05e22e73f18577c2b5cdf6ff5658897e57d62,497634194,336456263477551,
62406210db4ed2244728662aa69adbde73d8df3119efa029b375bbd7,497624998,336456263477551,
c4722a1548f382a1a6b5471c156007c04d39c4bb431fe2bd25b6e56f,447634194,336456263477551,
a6bb44f112d18cc3b74c74ec576f0b80ed40d0c949d30605d7d8fa84,420513258,336456263477551,
46cdfadd94b9ae76750e5687aeb1e175cd9d932773157fc5f956f376,408340669,336456263477551,
01fade11f5b1807278b2d94818f149c19e3159231f578f02564a95b0,397634194,336456263477551,
83d5ccd003d25c58fad4be1236b98f7347013f34568a1a6f598577e3,387321740,336456263477551,
59cb373581d9c582baf79d86adb182e93917176fd4b0520daa3bbdf6,368866688,336456263477551,
9d8572d8f38e3e5fc2c20e11da3ebe0a02fb40dc3effbdefc48716e5,347634194,336456263477551,
6bcda84b49a3eea6d48d1253ed4f81e2aa0df6bd14d1eed6a94a0d25,346924689,336456263477551,
1aac721de23301223084899071d1e72a818cb91b89c5a0e091e58e9b,315585575,336456263477551,
f63fe13e72fb7b567eac1f6994c4938508f72376ec777a533b0b73c9,283310640,336456263477551,
c23d5e79008d8ca249221bac334e1655bb0cf85e9e963a318d9c17cb,199800000,336456263477551,
a11918d5d32b44ea4e4b98893b051e2ebce9a75dac0cc3796918a4e5,191280224,336456263477551,
9f3648e296c57aa9722da5765cd98cea0374a18e9f015b62a8303fa9,142280224,336456263477551,
064274381c3522500166b8eb73e7aff00987c811ef6d494b061009d6,105131628,336456263477551,
0ffedac270b02794039168adc07b51cc4d3bd7d6e4a52e6accbd3599,99632441,336456263477551,
045132653833613fb65c1bc9669d3fe617ad65361b2bc8490d51beee,85979626,336456263477551,
423834a9b361417f58e2596f7ea9325b15a62b847b9516312f07a139,51999757,336456263477551,
92e1d1facf28a79ab85fcce985ecdd3ee5c13b620957b699bcf952a0,47929442,336456263477551,
6b1dcca5a45d22e5d2abf5ec7fe095041a8a488e7167679d8598c238,44000000,336456263477551,
78ba4fcdb9a4dfce0d980107b4a9d21d9f7b285b33ff3295e18f7eb5,22452880,336456263477551,
dc5759da950d173faaa8707b6b1332af2bd6d729b25f82e3700e221a,22430545,336456263477551,
0a4ed3c5cc11a044cff16f7045588c9b6f6c98f7154026a3a3f55f24,17821035,336456263477551,
7adfce1abe269e6e33a6fbbd9563bc796020aa93f9156fd87f20dfdf,7700000,336456263477551,
040e5b0093bbb087de79f842658c8d5f4d8a11e68896cb8e86feda16,2825699,336456263477551,
c94b519a0747e1948e8302fa89fde4a3f2798f32403371fb68ac38a4,1000000,336456263477551,
afbd1645ad5a63a8a138ef6e7aaaae5b23cc0b76a958c932fc87e5aa,1000000,336456263477551,
25e955aeebd39deaf3de366eedab69ba15e06f7165359a76f854e038,0,336456263477551,
a7c9b756ad053265b9d2d597529b16748a9d5d67bfcfc91b9310a5b5,0,336456263477551,
a7399d418dd5a4b2a241f863d50949d401e2edf7f24d14b625d3d1ac,0,336456263477551,
6ee5d42499b0a8c0a6cde87dd30767b5ef0bce5aa1f96e4301ba07ed,0,336456263477551,
0540e92a5ea0df5c2cc8e40a9ea617329ce20788fc69cece1fa5ed48,0,336456263477551,
5aafb54c09acb9ae90f39beea1231d5b6c90cc3d7704228f9e2f9e50,0,336456263477551,
e07369c82e05b3b76d590dcca616aeb5a8efdfd8cd0e643dd549b2b0,0,336456263477551,
516c6ae56de7d7a5fbbb6b0f797f444c7832d2e3bcf015a8a0b56c5c,0,336456263477551,
1b917c6a73c2399c9b07f2ca2c529a4b49dc5f5aa96336c1ace5afdb,0,336456263477551,
7df614e44ae175d5c13aa9cd7c9e4caf9e03027a9562a1114f0762a5,0,336456263477551,
341cc4ced4c3fb11fbf7f294ceefc9c93276e4ae2121ac3f31beccda,0,336456263477551,
26c6b29f1f2c22277ae3e6c93f348c3a4e2247b625151547d988d422,0,336456263477551,
a6e10d06dd60d00c94c8aedc153d7c88528fc1835e856a56cbcd7969,0,336456263477551,
3f02be3957575a323276bdbac9478a4f36ffcf3b71ba66143ec988a6,0,336456263477551,
d3c2920c017bf81ace2b51b61efa1b6c4e94b6390df0fef8aed58566,0,336456263477551,
33c69bd349143d82b1aa94210d08d1cdce757df2eccf4e2fe4d32d9a,0,336456263477551,
a291a9803b4e7e3f400a3bcb97ee8eb01f679155e036d9472911c715,0,336456263477551,
df48d073356c67395199b26194136b35e3cef0df239be2ec8b6f58f2,0,336456263477551,
41fa01a0fc2f38990e0c12fc7c4c168a5d0a8d45384b9839f93355b0,0,336456263477551,
cc5f15a0f8ded18934e5cc5f8f73cb151585be68e02aea8c92956aa5,0,336456263477551,
724b27c178b1b99e1963b7022e23d5d473faedae1452e33bf068ca70,0,336456263477551,
1049ce30eee429ac076c1bf073ce5098b104c419ebaac24c9a0682da,0,336456263477551,
543a504e8cd290dc3473b3a7cd6b0fb376b07acefc59b8b3d83c2875,0,336456263477551,
984627e99d028ed3d9675f0717b3d2added1a2b489f3ae5f5d4305a6,0,336456263477551,
c894e15149d3e92781a59e234bb9e1e4db4106297740b4314b2088aa,0,336456263477551,
65ffde3d5e7dafb1f3fc30f1e68b424c9fad4cb9ddff16ac4e560cb4,0,336456263477551,
cf99940e8fb6c75c252caca754849b297c21414f40354750cfd42603,0,336456263477551,
86fd779e0b6e9f4fa0747b6fd90cd07b6fa90fce85b928c8b9dd3ced,0,336456263477551,
b286524292fca3b7cde45ca474dc4ee9929b4184a45d15d9c739f089,0,336456263477551,
a417dc65b399153faa6ff0541d5dbf0c8e4e54ac18518998956160ee,0,336456263477551,
17fc5617571153328ef2c84dd8ec33b551071e89958598d1816747b6,0,336456263477551,
b6a778f49ee54b01c40961c146dd359ddf3a84a3b5e22264b7f69d34,0,336456263477551,
62d90c8349f6a0675a6ea0f5b62aa68ccd8cb333b86044c69c5dadef,0,336456263477551,
2d1cad7e1a2163e80f7fb68c165426877bba8babe57e60ab18ef95a6,0,336456263477551,
47aac8c51631ea62d5790d40e1e05673ac7fbfd4843f3ca983dccb23,0,336456263477551,
148c8912a62b0a41c0a88b54cf4068793e7c7de79ba3138eff7f4c8c,0,336456263477551,
c896fbac6a03c1232587d9320ca120ff6814980a472c57d65b1268f2,0,336456263477551,
ea8e0305a9c73ec3e1403be4995c8f844f472a9c10778208946d8450,0,336456263477551,
