block_height,tx_count,utxo_consumed,utxo_produced,pools_registered,pools_unregistered,accounts_registered,accounts_unregistered,accounts_pool_delegated,accounts_drep_delegated,accounts_touched,dreps_registered,dreps_unregistered,committee,withdrawals,proposals,votes
13586560,3,4,4,0,0,0,1,0,0,1,0,0,0,2,0,1
13586561,1,2,2,0,0,0,0,0,0,0,0,0,0,1,0,0
13586562,30,74,62,0,0,0,0,0,1,1,0,0,0,4,0,0
13586563,7,21,18,0,0,0,0,0,0,0,0,0,0,2,0,0
13586564,11,33,36,0,0,0,1,0,0,1,0,0,0,1,0,1
13586565,0,0,0,0,0,0,0,0,0,0,0,0,0,0,0,0
13586566,11,32,41,0,0,0,0,0,0,0,0,0,0,2,0,0
13586567,12,24,31,0,0,1,0,2,1,2,0,0,0,2,0,0
13586568,0,0,0,0,0,0,0,0,0,0,0,0,0,0,0,0
13586569,1,3,3,0,0,0,0,0,0,0,0,0,0,1,0,0
13586570,4,15,9,0,0,0,0,0,0,0,0,0,0,2,0,0
13586571,9,18,29,0,0,0,0,0,0,0,0,0,0,1,0,0
13586572,1,3,7,0,0,0,0,0,0,0,0,0,0,0,0,0
13586573,4,10,11,0,0,0,0,0,0,0,0,0,0,2,0,0
13586574,6,17,13,0,0,0,0,0,0,0,0,0,0,0,0,0
13586575,0,0,0,0,0,0,0,0,0,0,0,0,0,0,0,0
13586576,2,5,6,0,0,0,0,0,0,0,0,0,0,0,0,0
13586577,8,14,19,0,0,0,0,1,0,1,0,0,0,0,0,0
13586578,12,62,27,0,0,0,0,0,0,0,0,0,0,0,0,0
13586579,2,3,4,0,0,0,0,0,0,0,0,0,0,1,0,0
13586580,7,14,20,0,0,0,0,0,0,0,0,0,0,1,0,0
13586581,3,6,7,0,0,0,0,0,0,0,0,0,0,1,0,0
13586582,2,2,5,0,0,0,0,0,0,0,0,0,0,0,0,0
13586583,10,20,24,0,0,0,0,0,0,0,0,0,0,2,0,0
13586584,4,22,8,0,0,0,0,0,0,0,0,0,0,2,0,0
13586585,4,10,9,0,0,0,0,0,0,0,0,0,0,0,0,0
13586586,2,4,6,0,0,0,0,0,0,0,0,0,0,1,0,0
13586587,5,11,17,0,0,0,0,0,0,0,0,0,0,1,0,0
13586588,6,16,17,0,0,0,0,0,0,0,0,0,0,2,0,0
13586589,22,43,48,0,0,0,0,0,0,0,0,0,0,0,0,0
13586590,4,13,12,0,0,0,0,0,0,0,0,0,0,1,0,0
13586591,9,46,29,0,0,0,0,1,0,1,0,0,0,1,0,0
13586592,5,13,8,0,0,0,0,1,2,2,0,0,0,0,0,0
13586593,11,21,28,0,0,0,0,0,0,0,0,0,0,1,0,0
13586594,1,2,3,0,0,0,0,0,0,0,0,0,0,0,0,0
13586595,3,5,7,0,0,0,0,0,0,0,0,0,0,0,0,0
13586596,3,5,9,0,0,0,0,0,0,0,0,0,0,0,0,0
13586597,1,2,3,0,0,0,0,0,0,0,0,0,0,1,0,0
13586598,2,4,5,0,0,1,0,1,1,1,0,0,0,0,0,0
13586599,3,4,7,0,0,0,0,0,0,0,0,0,0,1,0,0
13586600,1,2,4,0,0,0,0,0,0,0,0,0,0,0,0,0
13586601,1,4,3,0,0,0,0,0,0,0,0,0,0,0,0,0
13586602,11,22,25,0,0,0,0,0,0,0,0,0,0,0,0,0
13586603,4,10,7,0,0,0,0,0,0,0,0,0,0,1,0,0
13586604,11,23,22,0,0,1,0,2,1,2,0,0,0,1,0,0
13586605,0,0,0,0,0,0,0,0,0,0,0,0,0,0,0,0
13586606,3,12,7,0,0,0,0,0,0,0,0,0,0,0,0,0
13586607,1,1,2,0,0,0,0,0,0,0,0,0,0,0,0,0
13586608,3,8,10,0,0,0,0,0,1,1,0,0,0,0,0,0
13586609,5,28,12,0,0,0,0,0,0,0,0,0,0,2,0,0
13586610,6,11,15,0,0,0,0,0,0,0,0,0,0,0,0,0
13586611,15,36,31,0,0,2,0,2,2,2,0,0,0,1,0,0
13586612,1,6,1,0,0,0,0,0,0,0,0,0,0,0,0,0
13586613,2,11,4,0,0,0,0,0,0,0,0,0,0,0,0,0
13586614,21,52,42,0,0,0,0,0,4,4,0,0,0,1,0,0
13586615,6,13,15,0,0,0,0,0,0,0,0,0,0,1,0,0
13586616,9,20,24,0,0,0,0,0,1,1,0,0,0,1,0,0
13586617,2,3,4,0,0,0,0,0,0,0,0,0,0,0,0,0
13586618,7,22,18,0,0,0,0,0,0,0,0,0,0,2,0,0
13586619,10,40,23,0,0,0,0,0,0,0,0,0,0,2,0,0
13586620,5,11,14,0,0,0,0,0,0,0,0,0,0,0,0,0
13586621,0,0,0,0,0,0,0,0,0,0,0,0,0,0,0,0
13586622,3,10,9,0,0,0,0,0,0,0,0,0,0,1,0,0
13586623,20,67,47,0,0,0,1,0,0,1,0,0,0,4,0,0
13586624,1,1,1,0,0,0,0,0,0,0,0,0,0,0,0,0
13586625,0,0,0,0,0,0,0,0,0,0,0,0,0,0,0,0
13586626,4,14,11,0,0,0,0,0,0,0,0,0,0,1,0,0
13586627,3,3,10,0,0,0,0,0,0,0,0,0,0,0,0,0
13586628,2,4,3,0,0,0,0,0,1,1,0,0,0,0,0,0
13586629,7,31,13,0,0,0,0,0,0,0,0,0,0,2,0,0
13586630,2,5,4,0,0,0,0,0,0,0,0,0,0,1,0,0
13586631,0,0,0,0,0,0,0,0,0,0,0,0,0,0,0,0
13586632,3,8,4,0,0,1,0,1,0,1,0,0,0,0,0,0
13586633,5,8,9,0,0,0,0,0,1,1,0,0,0,0,0,0
13586634,18,35,36,0,0,0,0,0,0,0,0,0,0,2,0,0
13586635,0,0,0,0,0,0,0,0,0,0,0,0,0,0,0,0
13586636,20,32,39,0,0,0,1,0,0,1,0,0,0,4,0,0
13586637,3,6,6,0,0,0,1,0,0,1,0,0,0,1,0,0
13586638,0,0,0,0,0,0,0,0,0,0,0,0,0,0,0,0
13586639,3,6,5,0,0,0,0,0,1,1,0,0,0,1,0,0
13586640,0,0,0,0,0,0,0,0,0,0,0,0,0,0,0,0
13586641,2,4,4,0,0,0,0,0,0,0,0,0,0,0,0,0
13586642,0,0,0,0,0,0,0,0,0,0,0,0,0,0,0,0
13586643,0,0,0,0,0,0,0,0,0,0,0,0,0,0,0,0
13586644,2,7,5,0,0,0,0,0,0,0,0,0,0,0,0,0
13586645,5,7,7,0,0,0,0,0,0,0,0,0,0,0,0,0
13586646,2,2,3,0,0,0,0,0,0,0,0,0,0,0,0,0
13586647,2,3,7,0,0,0,0,0,0,0,0,0,0,0,0,0
13586648,4,3,4,0,0,0,0,0,1,1,0,0,0,1,0,0
13586649,4,32,11,0,0,0,0,0,0,0,0,0,0,0,0,0
13586650,13,24,47,0,0,0,0,0,2,2,0,0,0,2,0,0
13586651,13,19,36,0,0,1,0,1,1,1,0,0,0,1,0,0
13586652,1,1,2,0,0,0,0,0,0,0,0,0,0,1,0,0
13586653,14,51,33,0,0,0,0,0,0,0,0,0,0,1,0,0
13586654,5,12,12,0,0,0,0,0,1,1,0,0,0,1,0,0
13586655,5,8,9,0,0,0,0,0,0,0,0,0,0,0,0,0
13586656,0,0,0,0,0,0,0,0,0,0,0,0,0,0,0,0
13586657,1,4,2,0,0,0,0,0,0,0,0,0,0,0,0,0
13586658,0,0,0,0,0,0,0,0,0,0,0,0,0,0,0,0
13586659,4,6,7,0,0,0,1,0,0,1,0,0,0,1,0,0
13586660,5,32,11,0,0,0,0,0,1,1,0,0,0,2,0,0
13586661,19,76,64,0,0,1,0,1,1,1,0,0,0,3,0,0
13586662,14,44,61,0,0,0,0,0,0,0,0,0,0,4,0,0
13586663,5,22,18,0,0,0,0,0,0,0,0,0,0,1,0,0
13586664,12,131,30,0,0,0,0,0,0,0,0,0,0,3,0,0
13586665,20,175,81,0,0,0,0,0,0,0,0,0,0,2,0,0
13586666,4,109,9,0,0,0,0,0,0,0,0,0,0,1,0,0
13586667,21,50,63,0,0,0,0,1,0,1,0,0,0,4,0,0
13586668,1,2,2,0,0,0,0,0,0,0,0,0,0,0,0,0
13586669,7,24,28,0,0,0,0,0,0,0,0,0,0,1,0,0
13586670,8,26,25,0,0,0,0,0,0,0,0,0,0,2,0,0
13586671,2,5,7,0,0,0,0,0,0,0,0,0,0,0,0,0
13586672,16,158,50,0,0,0,0,0,0,0,0,0,0,2,0,0
13586673,12,24,30,0,0,0,0,0,0,0,0,0,0,3,0,0
13586674,0,0,0,0,0,0,0,0,0,0,0,0,0,0,0,0
13586675,17,33,43,0,0,0,0,0,0,0,0,0,0,4,0,0
13586676,4,10,11,0,0,0,0,0,0,0,0,0,0,2,0,0
13586677,1,3,2,0,0,0,0,0,0,0,0,0,0,0,0,0
13586678,7,27,21,0,0,0,0,0,0,0,0,0,0,3,0,0
13586679,1,3,3,0,0,0,0,0,0,0,0,0,0,1,0,0
13586680,9,23,21,0,0,0,0,0,0,0,0,0,0,2,0,0
13586681,5,21,26,0,0,0,0,0,0,0,0,0,0,2,0,0
13586682,8,14,18,0,0,1,0,1,2,2,0,0,0,2,0,0
13586683,1,3,3,0,0,0,0,0,0,0,0,0,0,1,0,0
13586684,11,21,25,0,0,0,0,0,0,0,0,0,0,3,0,0
13586685,11,27,40,0,0,0,0,0,0,0,0,0,0,1,0,0
13586686,14,31,29,0,0,0,0,0,0,0,0,0,0,2,0,0
13586687,1,1,2,0,0,0,0,0,0,0,0,0,0,0,0,0
13586688,2,4,4,0,0,0,0,0,1,1,0,0,0,1,0,0
13586689,4,18,9,0,0,0,0,0,0,0,0,0,0,0,0,0
13586690,1,4,4,0,0,0,0,0,0,0,0,0,0,0,0,0
13586691,1,1,2,0,0,0,0,0,0,0,0,0,0,1,0,0
13586692,3,4,7,0,0,0,0,0,0,0,0,0,0,0,0,0
13586693,3,4,6,0,0,1,0,1,1,1,0,0,0,0,0,0
13586694,19,86,51,0,0,1,0,1,1,1,0,0,0,1,0,0
13586695,5,16,13,0,0,0,0,0,0,0,0,0,0,2,0,0
13586696,11,27,27,0,0,0,0,1,0,1,0,0,0,3,0,0
13586697,3,9,7,0,0,0,0,0,0,0,0,0,0,0,0,0
13586698,0,0,0,0,0,0,0,0,0,0,0,0,0,0,0,0
13586699,10,25,32,0,0,0,0,0,0,0,0,0,0,1,0,0
13586700,4,10,9,0,0,0,0,0,0,0,0,0,0,1,0,0
13586701,12,117,26,0,0,0,1,0,0,1,0,0,0,2,0,0
13586702,2,7,9,0,0,0,0,0,0,0,0,0,0,0,0,0
13586703,3,5,12,0,0,1,0,1,1,1,0,0,0,1,0,0
13586704,2,2,4,0,0,0,0,0,0,0,0,0,0,0,0,0
13586705,6,15,14,0,0,0,0,0,0,0,0,0,0,0,0,0
13586706,5,9,14,0,0,1,0,1,1,1,0,0,0,1,0,0
13586707,4,10,9,0,0,0,0,0,0,0,0,0,0,1,0,0
13586708,0,0,0,0,0,0,0,0,0,0,0,0,0,0,0,0
13586709,2,4,4,0,0,0,0,0,0,0,0,0,0,0,0,0
13586710,2,3,7,0,0,0,0,0,0,0,0,0,0,0,0,0
13586711,6,36,11,0,0,0,0,0,1,1,0,0,0,1,0,0
13586712,6,8,10,0,0,0,1,0,0,1,0,0,0,1,0,0
13586713,4,7,9,0,0,0,0,0,0,0,0,0,0,0,0,0
13586714,3,7,8,0,0,0,0,0,0,0,0,0,0,0,0,0
13586715,10,24,18,0,0,0,0,0,0,0,0,0,0,0,0,0
13586716,0,0,0,0,0,0,0,0,0,0,0,0,0,0,0,0
13586717,0,0,0,0,0,0,0,0,0,0,0,0,0,0,0,0
13586718,0,0,0,0,0,0,0,0,0,0,0,0,0,0,0,0
13586719,2,5,6,0,0,0,0,0,0,0,0,0,0,0,0,0
13586720,8,15,16,0,0,0,0,0,0,0,0,0,0,0,0,0
13586721,0,0,0,0,0,0,0,0,0,0,0,0,0,0,0,0
13586722,5,10,13,0,0,0,0,0,0,0,0,0,0,0,0,0
13586723,0,0,0,0,0,0,0,0,0,0,0,0,0,0,0,0
13586724,0,0,0,0,0,0,0,0,0,0,0,0,0,0,0,0
13586725,0,0,0,0,0,0,0,0,0,0,0,0,0,0,0,0
13586726,2,3,3,0,0,0,0,0,0,0,0,0,0,0,0,0
13586727,10,22,24,0,0,0,3,0,0,3,0,0,0,3,0,0
13586728,6,21,20,0,0,0,0,0,0,0,0,0,0,0,0,0
13586729,11,33,24,0,0,0,0,0,2,2,0,0,0,0,0,0
13586730,5,38,25,0,0,0,0,0,0,0,0,0,0,2,0,0
13586731,8,10,17,0,0,0,0,1,0,1,0,0,0,1,0,0
13586732,1,31,2,0,0,0,0,0,0,0,0,0,0,0,0,0
13586733,2,2,4,0,0,0,0,0,0,0,0,0,0,0,0,0
13586734,2,7,4,0,0,0,0,0,0,0,0,0,0,0,0,0
13586735,3,9,7,0,0,0,0,0,0,0,0,0,0,0,0,0
13586736,4,8,17,0,0,0,1,0,0,1,0,0,0,2,0,0
13586737,8,25,14,0,0,0,0,1,0,1,0,0,0,0,0,1
13586738,3,7,6,0,0,0,0,0,0,0,0,0,0,0,0,0
13586739,3,4,9,0,0,0,0,0,0,0,0,0,0,1,0,0
13586740,9,21,20,0,0,0,1,0,0,1,0,0,0,2,0,0
13586741,3,4,5,0,0,0,0,0,0,0,0,0,0,0,0,0
13586742,2,21,19,0,0,0,0,0,0,0,0,0,0,0,0,0
13586743,2,4,5,0,0,0,0,0,0,0,0,0,0,1,0,0
13586744,6,21,11,0,0,0,0,0,0,0,0,0,0,1,0,0
13586745,1,7,1,0,0,0,0,0,0,0,0,0,0,0,0,0
13586746,0,0,0,0,0,0,0,0,0,0,0,0,0,0,0,0
13586747,5,13,9,0,0,0,0,0,0,0,0,0,0,0,0,0
13586748,1,7,2,0,0,0,0,0,0,0,0,0,0,0,0,0
13586749,5,8,8,0,0,0,0,0,0,0,0,0,0,1,0,0
13586750,4,18,9,0,0,0,0,0,0,0,0,0,0,1,0,0
13586751,8,28,19,0,0,0,1,0,0,1,0,0,0,1,0,0
13586752,0,0,0,0,0,0,0,0,0,0,0,0,0,0,0,0
13586753,5,9,13,0,0,0,0,0,0,0,0,0,0,0,0,0
13586754,4,9,10,0,0,0,0,0,0,0,0,0,0,1,0,0
13586755,3,5,6,0,0,0,0,0,0,0,0,0,0,0,0,0
13586756,4,7,7,0,0,0,0,0,0,0,0,0,0,0,0,0
13586757,0,0,0,0,0,0,0,0,0,0,0,0,0,0,0,0
13586758,5,11,12,0,0,0,0,0,0,0,0,0,0,0,0,0
13586759,6,58,12,0,0,0,0,0,0,0,0,0,0,0,0,0
13586760,4,30,10,0,0,0,0,0,0,0,0,0,0,0,0,0
13586761,2,3,4,0,0,0,0,0,0,0,0,0,0,0,0,0
13586762,2,4,4,0,0,0,0,0,0,0,0,0,0,0,0,0
13586763,16,34,33,0,0,0,0,0,1,1,0,0,0,1,0,0
13586764,21,54,46,0,0,0,0,0,1,1,0,0,0,4,0,0
13586765,1,25,2,0,0,0,0,0,0,0,0,0,0,0,0,0
13586766,3,4,7,0,0,0,0,0,0,0,0,0,0,0,0,0
13586767,12,27,20,0,0,0,0,0,0,0,0,0,0,0,0,0
13586768,10,38,25,0,0,0,0,0,0,0,0,0,0,0,0,0
13586769,4,6,6,0,0,0,0,0,0,0,0,0,0,1,0,0
13586770,0,0,0,0,0,0,0,0,0,0,0,0,0,0,0,0
13586771,26,71,49,0,0,0,1,0,0,1,0,0,0,2,0,0
13586772,22,83,42,0,0,0,0,0,0,0,0,0,0,4,0,0
13586773,10,23,23,0,0,0,0,0,0,0,0,0,0,4,0,0
13586774,16,33,35,0,0,0,1,0,0,1,0,0,0,2,0,0
13586775,4,10,11,0,0,0,0,0,1,1,0,0,0,1,0,0
13586776,1,1,2,0,0,0,0,0,0,0,0,0,0,0,0,0
13586777,12,38,39,0,0,1,0,1,1,1,0,0,0,1,0,0
13586778,12,30,24,0,0,0,1,0,1,2,0,0,0,2,0,0
13586779,2,11,4,0,0,0,0,0,0,0,0,0,0,1,0,0
13586780,9,31,18,0,0,0,0,0,1,1,0,0,0,1,0,0
13586781,5,15,11,0,0,0,0,0,0,0,0,0,0,1,0,0
13586782,5,14,10,0,0,0,0,0,0,0,0,0,0,0,0,0
13586783,6,11,13,0,0,0,0,0,0,0,0,0,0,1,0,0
13586784,5,26,13,0,0,0,0,0,1,1,0,0,0,0,0,0
13586785,7,11,16,0,0,0,0,0,1,1,0,0,0,1,0,0
13586786,14,19,30,0,0,1,0,1,1,1,0,0,0,1,0,0
13586787,7,7,13,0,0,0,0,0,1,1,0,0,0,1,0,0
13586788,2,3,3,0,0,0,0,0,0,0,0,0,0,0,0,0
13586789,5,6,8,0,0,0,0,0,0,0,0,0,0,1,0,0
13586790,7,16,16,0,0,0,0,0,0,0,0,0,0,1,0,0
13586791,4,5,6,0,0,0,0,0,0,0,0,0,0,1,0,1
13586792,12,39,36,0,0,0,0,0,0,0,0,0,0,1,0,0
13586793,2,3,4,0,0,0,0,0,0,0,0,0,0,1,0,0
13586794,0,0,0,0,0,0,0,0,0,0,0,0,0,0,0,0
13586795,6,12,12,0,0,0,0,0,0,0,0,0,0,1,0,1
13586796,16,57,33,0,0,0,1,0,0,1,0,0,0,1,0,1
13586797,0,0,0,0,0,0,0,0,0,0,0,0,0,0,0,0
13586798,7,15,14,0,0,0,0,0,0,0,0,0,0,1,0,0
13586799,6,16,12,0,0,1,0,1,0,1,0,0,0,1,0,1
13586800,0,0,0,0,0,0,0,0,0,0,0,0,0,0,0,0
13586801,8,17,18,0,0,0,0,0,0,0,0,0,0,2,0,0
13586802,5,19,13,0,0,0,0,0,0,0,0,0,0,2,0,0
13586803,4,9,9,0,0,0,0,0,0,0,0,0,0,0,0,0
13586804,2,5,6,0,0,0,0,0,0,0,0,0,0,0,0,0
13586805,1,1,2,0,0,0,0,0,0,0,0,0,0,0,0,0
13586806,8,38,15,0,0,0,0,0,0,0,0,0,0,0,0,0
13586807,10,24,24,0,0,0,0,0,0,0,0,0,0,1,0,0
13586808,7,16,16,0,0,0,0,0,0,0,0,0,0,1,0,0
13586809,5,9,12,0,0,0,0,0,0,0,0,0,0,2,0,0
13586810,1,3,3,0,0,0,0,0,0,0,0,0,0,1,0,0
13586811,3,6,7,0,0,0,0,0,0,0,0,0,0,0,0,0
13586812,5,18,18,0,0,0,0,0,0,0,0,0,0,1,0,0
13586813,0,0,0,0,0,0,0,0,0,0,0,0,0,0,0,0
13586814,4,5,21,0,0,0,0,0,1,1,0,0,0,0,0,0
13586815,0,0,0,0,0,0,0,0,0,0,0,0,0,0,0,0
13586816,2,4,5,0,0,0,0,0,0,0,0,0,0,1,0,0
13586817,4,7,8,0,0,1,0,1,0,1,0,0,0,1,0,0
13586818,7,28,16,0,0,0,0,0,0,0,0,0,0,1,0,0
13586819,7,12,17,0,0,0,0,0,0,0,0,0,0,0,0,0
13586820,6,16,18,0,0,0,0,0,0,0,0,0,0,2,0,0
13586821,3,3,10,0,0,0,0,0,0,0,0,0,0,0,0,0
13586822,1,4,3,0,0,0,0,0,0,0,0,0,0,0,0,0
13586823,10,83,24,0,0,0,0,0,0,0,0,0,0,1,0,0
13586824,7,10,21,0,0,0,0,0,0,0,0,0,0,1,0,0
13586825,3,12,7,0,0,0,0,0,0,0,0,0,0,0,0,0
13586826,12,58,38,0,0,0,0,0,0,0,0,0,0,1,0,0
13586827,3,18,11,0,0,0,0,0,0,0,0,0,0,0,0,0
13586828,15,47,44,0,0,0,0,0,0,0,0,0,0,3,0,0
13586829,2,5,6,0,0,0,0,0,0,0,0,0,0,1,0,0
13586830,11,34,37,0,0,0,0,0,0,0,0,0,0,2,0,0
13586831,6,19,24,0,0,0,0,0,0,0,0,0,0,1,0,0
13586832,12,21,32,0,0,0,0,0,0,0,0,0,0,2,0,0
13586833,6,11,12,0,0,0,0,0,0,0,0,0,0,1,0,0
13586834,0,0,0,0,0,0,0,0,0,0,0,0,0,0,0,0
13586835,2,6,4,0,0,0,0,0,0,0,0,0,0,0,0,0
13586836,5,8,11,0,0,0,0,0,0,0,0,0,0,0,0,0
13586837,0,0,0,0,0,0,0,0,0,0,0,0,0,0,0,0
13586838,0,0,0,0,0,0,0,0,0,0,0,0,0,0,0,0
13586839,2,2,4,0,0,0,0,0,0,0,0,0,0,0,0,0
13586840,1,1,1,0,0,0,0,0,0,0,0,0,0,1,0,0
13586841,0,0,0,0,0,0,0,0,0,0,0,0,0,0,0,0
13586842,5,10,13,0,0,0,0,0,0,0,0,0,0,2,0,0
13586843,3,4,8,0,0,0,0,0,0,0,0,0,0,1,0,0
13586844,4,5,11,0,0,0,0,0,0,0,0,0,0,0,0,0
13586845,0,0,0,0,0,0,0,0,0,0,0,0,0,0,0,0
13586846,4,9,12,0,0,1,0,1,1,1,0,0,0,1,0,0
13586847,10,20,22,0,0,1,0,1,0,1,0,0,0,0,0,0
13586848,4,7,11,0,0,0,0,0,0,0,0,0,0,1,0,0
13586849,6,15,13,0,0,0,0,0,0,0,0,0,0,1,0,0
13586850,7,25,15,0,0,0,0,0,0,0,0,0,0,1,0,0
13586851,3,12,6,0,0,0,0,0,0,0,0,0,0,0,0,0
13586852,3,5,7,0,0,0,0,1,0,1,0,0,0,1,0,0
13586853,18,38,34,0,0,1,0,1,2,2,0,0,0,1,0,0
13586854,11,21,25,0,0,0,0,0,0,0,0,0,0,2,0,0
13586855,20,70,45,0,0,0,0,0,1,1,0,0,0,2,0,0
13586856,2,3,5,0,0,0,0,0,0,0,0,0,0,0,0,0
13586857,9,18,22,0,0,0,0,0,1,1,0,0,0,3,0,0
13586858,15,40,28,0,0,0,1,0,0,1,0,0,0,1,0,0
13586859,12,27,22,0,0,0,0,0,3,3,0,0,0,3,0,0
13586860,0,0,0,0,0,0,0,0,0,0,0,0,0,0,0,0
13586861,1,1,2,0,0,0,0,0,0,0,0,0,0,0,0,0
13586862,16,41,29,0,0,1,0,1,1,1,0,0,0,2,0,0
13586863,3,6,6,0,0,0,0,1,0,1,0,0,0,1,0,0
13586864,9,34,21,0,0,0,0,0,0,0,0,0,0,2,0,0
13586865,2,5,4,0,0,0,0,0,0,0,0,0,0,0,0,0
13586866,8,37,12,0,0,0,0,0,0,0,0,0,0,0,0,0
13586867,2,2,4,0,0,0,0,0,0,0,0,0,0,0,0,0
13586868,2,7,3,0,0,0,0,0,0,0,0,0,0,0,0,0
13586869,0,0,0,0,0,0,0,0,0,0,0,0,0,0,0,0
13586870,1,1,2,0,0,0,0,0,0,0,0,0,0,0,0,0
13586871,1,2,1,0,0,0,0,0,0,0,0,0,0,0,0,0
13586872,3,9,4,0,0,0,0,0,0,0,0,0,0,0,0,0
13586873,5,7,7,0,0,0,0,0,0,0,0,0,0,0,0,0
13586874,11,28,20,0,0,0,0,0,0,0,0,0,0,1,0,0
13586875,6,11,14,0,0,0,0,0,0,0,0,0,0,3,0,0
13586876,8,14,16,0,0,0,0,0,0,0,0,0,0,0,0,0
13586877,9,14,19,0,0,0,1,0,0,1,0,0,0,1,0,0
13586878,1,2,2,0,0,0,0,0,0,0,0,0,0,0,0,0
13586879,6,19,10,0,0,0,0,0,0,0,0,0,0,1,0,0
13586880,9,15,20,0,0,0,0,0,1,1,0,0,0,0,0,0
13586881,0,0,0,0,0,0,0,0,0,0,0,0,0,0,0,0
13586882,4,10,7,0,0,0,0,0,0,0,0,0,0,0,0,0
13586883,2,2,4,0,0,0,0,0,0,0,0,0,0,0,0,0
13586884,11,310,26,0,0,0,1,0,0,1,0,0,0,2,0,0
13586885,11,13,20,0,0,0,1,1,1,2,0,0,0,2,0,0
13586886,6,13,14,0,0,0,0,0,0,0,0,0,0,1,0,0
13586887,0,0,0,0,0,0,0,0,0,0,0,0,0,0,0,0
13586888,2,7,5,0,0,0,0,0,0,0,0,0,0,1,0,0
13586889,10,21,21,0,0,0,0,0,0,0,0,0,0,2,0,0
13586890,1,2,3,0,0,0,0,0,0,0,0,0,0,0,0,0
13586891,10,25,20,0,0,0,0,0,0,0,0,0,0,1,0,0
13586892,0,0,0,0,0,0,0,0,0,0,0,0,0,0,0,0
13586893,4,10,8,0,0,1,0,1,0,1,0,0,0,0,0,0
13586894,10,17,19,0,0,2,0,2,1,2,0,0,0,0,0,0
13586895,1,1,1,0,0,0,0,0,0,0,0,0,0,0,0,0
13586896,6,19,16,0,0,0,0,0,0,0,0,0,0,1,0,0
13586897,7,32,14,0,0,0,0,0,1,1,0,0,0,1,0,0
13586898,2,4,7,0,0,0,0,0,0,0,0,0,0,1,0,0
13586899,14,49,31,0,0,0,1,0,1,2,0,0,0,8,0,0
13586900,1,7,2,0,0,0,0,0,0,0,0,0,0,0,0,0
13586901,1,3,3,0,0,0,0,0,0,0,0,0,0,1,0,0
13586902,11,36,26,0,0,0,0,0,0,0,0,0,0,1,0,0
13586903,4,13,13,0,0,0,0,0,0,0,0,0,0,1,0,0
13586904,4,9,9,0,0,1,0,1,0,1,0,0,0,1,0,0
13586905,9,15,17,0,0,0,1,0,1,2,0,0,0,4,0,0
13586906,23,42,39,0,0,0,0,1,3,3,0,0,0,3,0,0
13586907,9,20,21,0,0,0,1,0,0,1,0,0,0,4,0,0
13586908,7,143,16,0,0,0,0,0,0,0,0,0,0,1,0,0
13586909,0,0,0,0,0,0,0,0,0,0,0,0,0,0,0,0
13586910,9,143,16,0,0,0,0,0,1,1,0,0,0,0,0,0
13586911,2,3,4,0,0,0,0,0,0,0,0,0,0,0,0,0
13586912,17,760,34,0,0,0,1,0,2,3,0,0,0,1,0,0
13586913,9,22,20,0,0,0,0,0,1,1,0,0,0,2,0,0
13586914,7,221,14,0,0,0,0,0,1,1,0,0,0,2,0,0
13586915,4,9,9,0,0,0,0,0,0,0,0,0,0,1,0,0
13586916,5,204,7,0,0,0,0,0,0,0,0,0,0,0,0,0
13586917,3,29,6,0,0,0,0,0,0,0,0,0,0,0,0,0
13586918,10,317,19,0,0,0,0,0,0,0,0,0,0,0,0,0
13586919,1,1,3,0,0,0,0,0,0,0,0,0,0,0,0,0
13586920,2,3,5,0,0,0,0,0,0,0,0,0,0,1,0,0
13586921,20,634,36,0,0,0,1,0,0,1,0,0,0,6,0,0
13586922,18,623,36,0,0,1,0,0,1,1,0,0,0,1,0,0
13586923,19,722,38,0,0,0,0,0,0,0,0,0,0,2,0,0
13586924,10,605,15,0,0,0,0,0,0,0,0,0,0,0,0,0
13586925,9,117,21,0,0,0,0,0,0,0,0,0,0,2,0,0
13586926,7,700,7,0,0,0,0,0,0,0,0,0,0,0,0,0
13586927,12,607,19,0,0,0,0,1,0,1,0,0,0,0,0,0
13586928,9,216,16,0,0,0,0,0,0,0,0,0,0,0,0,0
13586929,10,16,17,0,0,0,1,0,0,1,0,0,0,1,0,0
13586930,1,2,3,0,0,0,0,0,0,0,0,0,0,0,0,0
13586931,0,0,0,0,0,0,0,0,0,0,0,0,0,0,0,0
13586932,3,5,8,0,0,0,0,0,0,0,0,0,0,0,0,0
13586933,6,445,13,0,0,1,0,1,1,1,0,0,0,1,0,0
13586934,2,4,2,0,0,0,0,0,0,0,0,0,0,0,0,0
13586935,3,5,6,0,0,0,0,0,0,0,0,0,0,1,0,0
13586936,22,81,42,0,0,1,0,1,0,1,0,0,0,2,0,0
13586937,0,0,0,0,0,0,0,0,0,0,0,0,0,0,0,0
13586938,4,5,6,0,0,0,0,0,0,0,0,0,0,0,0,0
13586939,3,11,6,0,0,0,0,0,0,0,0,0,0,0,0,0
13586940,4,9,7,0,0,0,0,0,0,0,0,0,0,0,0,0
13586941,0,0,0,0,0,0,0,0,0,0,0,0,0,0,0,0
13586942,0,0,0,0,0,0,0,0,0,0,0,0,0,0,0,0
13586943,0,0,0,0,0,0,0,0,0,0,0,0,0,0,0,0
13586944,7,17,14,0,0,0,0,0,0,0,0,0,0,1,0,0
13586945,4,29,8,0,0,0,0,0,0,0,0,0,0,0,0,0
13586946,7,16,22,0,0,0,0,0,0,0,0,0,0,0,0,0
13586947,12,40,29,0,0,1,0,0,1,1,0,0,0,0,0,0
13586948,3,9,8,0,0,0,0,0,0,0,0,0,0,0,0,0
13586949,9,32,22,0,0,0,0,0,0,0,0,0,0,1,0,0
13586950,0,0,0,0,0,0,0,0,0,0,0,0,0,0,0,0
13586951,16,27,33,0,0,0,0,1,0,1,0,0,0,2,0,0
13586952,4,7,7,0,0,0,0,0,0,0,0,0,0,0,0,0
13586953,0,0,0,0,0,0,0,0,0,0,0,0,0,0,0,0
13586954,6,14,15,0,0,0,0,0,0,0,0,0,0,2,0,0
13586955,8,27,28,0,0,0,0,0,0,0,0,0,0,1,0,0
13586956,5,26,13,0,0,0,0,0,0,0,0,0,0,1,0,0
13586957,6,41,12,0,0,0,1,0,0,1,0,0,0,2,0,0
13586958,1,2,3,0,0,0,0,0,0,0,0,0,0,0,0,0
13586959,6,11,13,0,0,0,0,0,0,0,0,0,0,2,0,0
13586960,9,19,22,0,0,0,0,0,0,0,0,0,0,0,0,0
13586961,4,7,9,0,0,0,0,0,0,0,0,0,0,1,0,0
13586962,3,7,8,0,0,0,0,0,0,0,0,0,0,1,0,0
13586963,10,459,21,0,0,0,0,0,0,0,0,0,0,1,0,0
13586964,4,9,8,0,0,0,0,0,0,0,0,0,0,1,0,0
13586965,2,2,4,0,0,0,0,0,0,0,0,0,0,0,0,0
13586966,10,25,18,0,0,0,1,0,0,1,0,0,0,0,0,0
13586967,1,1,1,0,0,0,0,0,1,1,0,0,0,0,0,0
13586968,6,18,11,0,0,0,0,0,0,0,0,0,0,0,0,0
13586969,4,5,11,0,0,0,0,0,0,0,0,0,0,0,0,0
13586970,8,17,16,0,0,0,1,0,0,1,0,0,0,2,0,0
13586971,3,43,5,0,0,0,0,0,0,0,0,0,0,0,0,0
13586972,4,6,7,0,0,0,0,0,0,0,0,0,0,0,0,0
13586973,0,0,0,0,0,0,0,0,0,0,0,0,0,0,0,0
13586974,16,55,29,0,0,0,1,0,0,1,0,0,0,1,0,0
13586975,2,4,5,0,0,0,0,0,0,0,0,0,0,1,0,0
13586976,2,22,4,0,0,0,0,0,0,0,0,0,0,0,0,0
13586977,1,2,2,0,0,0,0,0,0,0,0,0,0,0,0,0
13586978,3,13,5,0,0,0,0,0,0,0,0,0,0,0,0,0
13586979,0,0,0,0,0,0,0,0,0,0,0,0,0,0,0,0
13586980,9,49,22,0,0,0,0,0,0,0,0,0,0,1,0,0
13586981,2,2,3,0,0,0,0,0,0,0,0,0,0,1,0,0
13586982,2,2,4,0,0,0,0,0,0,0,0,0,0,0,0,0
13586983,10,14,22,0,0,0,0,0,1,1,0,0,0,2,0,0
13586984,14,40,26,0,0,0,0,1,2,2,0,0,0,1,0,0
13586985,7,15,15,0,0,0,0,0,0,0,0,0,0,2,0,0
13586986,11,26,33,0,0,0,0,0,0,0,0,0,0,0,0,0
13586987,12,28,30,0,0,0,0,0,0,0,0,0,0,3,0,0
13586988,4,11,8,0,0,0,0,0,0,0,0,0,0,0,0,0
13586989,2,3,3,0,0,0,0,0,0,0,0,0,0,2,0,0
13586990,3,31,12,0,0,0,0,0,0,0,0,0,0,1,0,0
13586991,10,20,23,0,0,0,1,0,0,1,0,0,0,2,0,0
13586992,4,14,11,0,0,0,1,0,0,1,0,0,0,2,0,0
13586993,21,37,43,0,0,0,0,0,1,1,0,0,0,1,0,0
13586994,0,0,0,0,0,0,0,0,0,0,0,0,0,0,0,0
13586995,7,60,15,0,0,0,0,0,0,0,0,0,0,1,0,0
13586996,10,26,26,0,0,0,1,0,0,1,0,0,0,1,0,0
13586997,1,4,4,0,0,0,0,0,0,0,0,0,0,0,0,0
13586998,1,1,1,0,0,0,0,0,0,0,0,0,0,0,0,0
13586999,5,6,8,0,0,0,0,0,0,0,0,0,0,1,0,0
13587000,1,1,1,0,0,0,0,0,0,0,0,0,0,0,0,0
13587001,2,11,4,0,0,0,0,0,0,0,0,0,0,0,0,0
13587002,2,4,3,0,0,0,0,0,0,0,0,0,0,1,0,0
13587003,2,3,3,0,0,0,0,0,0,0,0,0,0,0,0,0
13587004,6,8,11,0,0,1,0,1,0,1,0,0,0,1,0,0
13587005,3,33,10,0,0,0,0,0,0,0,0,0,0,1,0,0
13587006,6,15,14,0,0,0,0,0,0,0,0,0,0,1,0,0
13587007,4,18,7,0,0,0,0,0,0,0,0,0,0,0,0,0
13587008,3,8,7,0,0,0,0,0,0,0,0,0,0,1,0,0
13587009,0,0,0,0,0,0,0,0,0,0,0,0,0,0,0,0
13587010,1,2,1,0,0,0,0,0,0,0,0,0,0,0,0,0
13587011,0,0,0,0,0,0,0,0,0,0,0,0,0,0,0,0
13587012,18,34,46,0,0,0,0,0,0,0,0,0,0,1,0,0
13587013,2,6,7,0,0,0,0,0,0,0,0,0,0,0,0,0
13587014,7,14,18,0,0,1,0,1,1,1,0,0,0,1,0,0
13587015,4,8,12,0,0,0,0,0,0,0,0,0,0,0,0,0
13587016,0,0,0,0,0,0,0,0,0,0,0,0,0,0,0,0
13587017,8,305,37,0,0,1,0,1,1,1,0,0,0,1,0,0
13587018,11,26,26,0,0,0,0,0,0,0,0,0,0,1,0,0
13587019,9,47,18,0,0,0,0,0,0,0,0,0,0,1,0,0
13587020,15,57,51,0,0,1,0,1,0,1,0,0,0,1,0,0
13587021,14,45,43,0,0,0,0,0,0,0,0,0,0,2,0,0
13587022,0,0,0,0,0,0,0,0,0,0,0,0,0,0,0,0
13587023,1,3,3,0,0,0,0,0,0,0,0,0,0,1,0,0
13587024,13,55,34,0,0,0,0,0,0,0,0,0,0,6,0,0
13587025,4,9,11,0,0,0,0,0,0,0,0,0,0,1,0,0
13587026,22,66,52,0,0,2,0,2,1,2,0,0,0,4,0,0
13587027,8,22,26,0,0,0,0,0,0,0,0,0,0,2,0,0
13587028,3,13,6,0,0,0,0,0,0,0,0,0,0,0,0,0
13587029,4,12,12,0,0,0,0,0,0,0,0,0,0,2,0,0
13587030,1,3,1,0,0,0,0,0,0,0,0,0,0,1,0,0
13587031,11,26,25,0,0,0,0,0,0,0,0,0,0,0,0,0
13587032,2,3,5,0,0,0,0,0,0,0,0,0,0,0,0,0
13587033,6,13,13,0,0,0,0,0,2,2,0,0,0,0,0,0
13587034,16,121,53,0,0,0,0,0,0,0,0,0,0,1,0,0
13587035,9,21,22,0,0,0,0,0,0,0,0,0,0,1,0,0
13587036,4,9,9,0,0,0,0,0,0,0,0,0,0,0,0,0
13587037,2,5,9,0,0,0,0,0,0,0,0,0,0,0,0,0
13587038,18,40,47,0,0,0,1,0,0,1,0,0,0,4,0,0
13587039,8,16,20,0,0,0,1,0,0,1,0,0,0,1,0,0
13587040,11,22,29,0,0,1,0,0,1,1,0,0,0,1,0,0
13587041,18,56,50,0,0,0,0,1,0,1,0,0,0,1,0,0
13587042,4,34,10,0,0,0,0,0,0,0,0,0,0,3,0,0
13587043,0,0,0,0,0,0,0,0,0,0,0,0,0,0,0,0
13587044,7,14,14,0,0,0,0,0,0,0,0,0,0,1,0,0
13587045,3,5,4,0,0,0,1,0,0,1,0,0,0,0,0,0
13587046,2,4,6,0,0,0,0,0,0,0,0,0,0,0,0,0
13587047,13,29,40,0,0,0,0,0,0,0,0,0,0,3,0,0
13587048,1,4,4,0,0,0,0,0,0,0,0,0,0,0,0,0
13587049,10,34,25,0,0,1,0,1,0,1,0,0,0,3,0,0
13587050,3,6,9,0,0,0,0,0,0,0,0,0,0,0,0,0
13587051,1,2,3,0,0,0,0,0,0,0,0,0,0,0,0,0
13587052,29,75,80,0,0,0,0,0,1,1,0,0,0,2,0,0
13587053,8,15,21,0,0,0,1,0,1,2,0,0,0,4,0,0
13587054,12,31,30,0,0,0,0,0,0,0,0,0,0,3,0,0
13587055,9,50,23,0,0,0,0,0,0,0,0,0,0,3,0,0
13587056,4,6,7,0,0,0,0,0,0,0,0,0,0,1,0,0
13587057,1,3,6,0,0,0,0,0,0,0,0,0,0,0,0,0
13587058,18,44,42,0,0,0,0,0,0,0,0,0,0,1,0,0
13587059,10,45,20,0,0,0,0,0,0,0,0,0,0,3,0,0
13587060,4,17,11,0,0,0,0,0,0,0,0,0,0,1,0,0
13587061,3,4,6,0,0,0,0,0,0,0,0,0,0,0,0,0
13587062,9,42,21,0,0,0,0,0,0,0,0,0,0,0,0,0
13587063,7,20,20,0,0,0,0,0,0,0,0,0,0,2,0,0
13587064,1,1,2,0,0,0,0,0,0,0,0,0,0,0,0,0
13587065,5,7,14,0,0,0,0,0,0,0,0,0,0,1,0,0
13587066,1,1,2,0,0,0,0,0,0,0,0,0,0,0,0,0
13587067,0,0,0,0,0,0,0,0,0,0,0,0,0,0,0,0
13587068,3,12,8,0,0,0,0,0,0,0,0,0,0,0,0,0
13587069,7,14,18,0,0,0,0,0,0,0,0,0,0,1,0,0
13587070,9,273,25,0,0,0,0,0,0,0,0,0,0,2,0,0
13587071,7,19,23,0,0,1,0,1,0,1,0,0,0,1,0,0
13587072,0,0,0,0,0,0,0,0,0,0,0,0,0,0,0,0
13587073,5,11,12,0,0,0,0,0,1,1,0,0,0,3,0,0
13587074,3,4,5,0,0,0,0,0,0,0,0,0,0,0,0,0
13587075,9,15,18,0,0,0,0,0,0,0,0,0,0,1,0,0
13587076,1,4,4,0,0,0,0,0,0,0,0,0,0,0,0,0
13587077,16,52,34,0,0,2,0,2,3,3,0,0,0,2,0,0
13587078,4,10,10,0,0,0,0,0,0,0,0,0,0,0,0,0
13587079,5,35,12,0,0,0,0,0,0,0,0,0,0,1,0,0
13587080,10,37,23,0,0,0,0,0,0,0,0,0,0,1,0,0
13587081,6,427,10,0,0,0,0,0,1,1,0,0,0,1,0,0
13587082,0,0,0,0,0,0,0,0,0,0,0,0,0,0,0,0
13587083,2,5,6,0,0,0,0,0,0,0,0,0,0,0,0,0
13587084,1,7,2,0,0,0,0,0,0,0,0,0,0,0,0,0
13587085,11,58,44,0,0,0,0,0,0,0,0,0,0,1,0,0
13587086,0,0,0,0,0,0,0,0,0,0,0,0,0,0,0,0
13587087,22,57,52,0,0,0,0,0,0,0,0,0,0,3,0,0
13587088,25,50,75,0,0,0,0,0,0,0,0,0,0,5,0,0
13587089,12,32,43,0,0,0,1,0,0,1,0,0,0,3,0,0
13587090,12,23,31,0,0,0,0,0,0,0,0,0,0,0,0,0
13587091,2,4,5,0,0,0,0,0,0,0,0,0,0,1,0,0
13587092,19,51,57,0,0,0,0,0,0,0,0,0,0,6,0,0
13587093,5,15,17,0,0,0,0,0,0,0,0,0,0,1,0,0
13587094,1,2,2,0,0,0,1,0,0,1,0,0,0,0,0,0
13587095,3,17,5,0,0,0,0,0,0,0,0,0,0,0,0,0
13587096,11,124,29,0,0,0,0,0,0,0,0,0,0,0,0,0
13587097,1,3,3,0,0,0,0,0,0,0,0,0,0,3,0,0
13587098,2,4,5,0,0,0,0,0,0,0,0,0,0,0,0,0
13587099,9,12,17,0,0,0,0,0,0,0,0,0,0,2,0,0
13587100,2,3,4,0,0,0,0,0,0,0,0,0,0,0,0,0
13587101,3,5,6,0,0,0,0,0,0,0,0,0,0,1,0,0
13587102,10,23,22,0,0,0,0,0,0,0,0,0,0,1,0,0
13587103,12,28,31,0,0,0,0,0,0,0,0,0,0,5,0,0
13587104,7,16,16,0,0,1,0,1,1,1,0,0,0,0,0,0
13587105,8,18,22,0,0,1,0,2,0,2,0,0,0,1,0,0
13587106,6,14,14,0,0,0,0,0,0,0,0,0,0,1,0,0
13587107,2,7,12,0,0,1,0,1,1,1,0,0,0,0,0,0
13587108,10,25,24,0,0,0,0,0,0,0,0,0,0,2,0,0
13587109,9,18,19,0,0,1,1,1,0,2,0,0,0,3,0,0
13587110,8,18,17,0,0,2,0,2,1,2,0,0,0,0,0,0
13587111,6,12,20,0,0,1,0,1,1,1,0,0,0,2,0,0
13587112,3,19,14,0,0,0,0,0,0,0,0,0,0,1,0,0
13587113,8,13,19,0,0,0,0,0,0,0,0,0,0,0,0,0
13587114,2,11,6,0,0,0,0,0,0,0,0,0,0,0,0,0
13587115,2,2,3,0,0,0,0,0,0,0,0,0,0,0,0,0
13587116,31,106,99,0,0,1,0,1,0,1,0,0,0,4,0,0
13587117,5,15,16,0,0,0,0,0,0,0,0,0,0,1,0,0
13587118,30,78,90,0,0,0,0,0,3,3,0,0,0,3,0,0
13587119,3,9,8,0,0,0,0,0,0,0,0,0,0,3,0,0
13587120,32,70,82,0,0,0,0,2,1,2,0,0,0,4,0,0
13587121,11,66,30,0,0,0,0,0,1,1,0,0,0,3,0,0
13587122,24,49,59,0,0,0,0,0,0,0,0,0,0,2,0,0
13587123,3,5,6,0,0,0,0,1,0,1,0,0,0,0,0,0
13587124,8,18,25,0,0,1,0,1,1,1,0,0,0,1,0,0
13587125,1,1,5,0,0,0,0,0,0,0,0,0,0,0,0,0
13587126,4,8,10,0,0,0,0,0,0,0,0,0,0,1,0,0
13587127,3,6,7,0,0,0,0,0,0,0,0,0,0,0,0,0
13587128,4,7,9,0,0,0,0,0,0,0,0,0,0,0,0,0
13587129,6,15,21,0,0,0,0,0,0,0,0,0,0,2,0,0
13587130,34,96,105,0,0,1,0,1,1,1,0,0,0,3,0,0
13587131,18,57,62,0,0,0,0,0,0,0,0,0,0,4,0,0
13587132,29,68,85,0,0,1,0,1,2,2,0,0,0,5,0,0
13587133,9,20,27,0,0,0,0,0,0,0,0,0,0,1,0,0
13587134,14,50,52,0,0,0,0,0,0,0,0,0,0,5,0,0
13587135,9,41,28,0,0,0,0,0,1,1,0,0,0,2,0,0
13587136,5,206,11,0,0,0,0,0,0,0,0,0,0,3,0,0
13587137,0,0,0,0,0,0,0,0,0,0,0,0,0,0,0,0
13587138,0,0,0,0,0,0,0,0,0,0,0,0,0,0,0,0
13587139,8,13,19,0,0,0,0,0,0,0,0,0,0,2,0,0
13587140,5,17,16,0,0,0,0,0,0,0,0,0,0,2,0,0
13587141,32,79,80,0,0,0,0,0,0,0,0,0,0,5,0,0
13587142,60,352,161,0,0,1,0,1,1,2,0,0,0,8,0,0
13587143,11,37,36,0,0,0,0,0,0,0,0,0,0,3,0,0
13587144,6,19,17,0,0,0,0,0,0,0,0,0,0,2,0,0
13587145,3,25,25,0,0,0,0,0,0,0,0,0,0,2,0,0
13587146,25,62,70,0,0,0,0,0,0,0,0,0,0,3,0,0
13587147,24,80,70,0,0,0,0,0,0,0,0,0,0,4,0,0
13587148,15,44,52,0,0,0,0,0,0,0,0,0,0,4,0,0
13587149,11,33,23,0,0,0,0,0,0,0,0,0,0,1,0,0
13587150,30,66,73,0,0,0,0,0,2,2,0,0,0,5,0,0
13587151,13,111,35,0,0,0,0,0,0,0,0,0,0,2,0,0
13587152,9,23,19,0,0,0,0,0,0,0,0,0,0,2,0,0
13587153,11,20,20,0,0,0,0,0,0,0,0,0,0,2,0,0
13587154,2,3,4,0,0,0,0,0,0,0,0,0,0,0,0,0
13587155,13,55,46,0,0,0,0,0,0,0,0,0,0,4,0,1
13587156,3,5,6,0,0,0,0,0,0,0,0,0,0,1,0,0
13587157,5,10,13,0,0,0,0,0,0,0,0,0,0,2,0,0
13587158,14,41,37,0,0,0,1,0,1,2,0,0,0,5,0,0
13587159,25,78,70,0,0,0,0,0,0,0,0,0,0,5,0,1
13587160,5,9,12,0,0,0,0,0,0,0,0,0,0,0,0,0
13587161,4,8,8,0,0,0,0,0,0,0,0,0,0,1,0,0
13587162,4,5,11,0,0,0,0,0,0,0,0,0,0,2,0,0
13587163,43,532,95,0,0,0,0,0,4,4,0,0,0,9,0,0
13587164,5,45,14,0,0,0,0,0,0,0,0,0,0,2,0,0
13587165,7,15,22,0,0,0,0,0,0,0,0,0,0,0,0,0
13587166,3,5,9,0,0,0,0,0,0,0,0,0,0,0,0,0
13587167,13,29,36,0,0,0,0,1,1,2,0,0,0,2,0,0
13587168,2,11,4,0,0,0,0,0,0,0,0,0,0,0,0,0
13587169,10,24,23,0,0,0,0,0,0,0,0,0,0,0,0,0
13587170,6,31,12,0,0,0,0,0,0,0,0,0,0,2,0,0
13587171,1,2,3,0,0,0,0,0,0,0,0,0,0,0,0,0
13587172,17,40,37,0,0,1,0,1,1,1,0,0,0,0,0,0
13587173,4,67,19,0,0,0,0,0,0,0,0,0,0,0,0,0
13587174,16,59,35,0,0,0,1,0,0,1,0,0,0,4,0,0
13587175,18,38,39,0,0,0,0,0,1,1,0,0,0,4,0,0
13587176,8,12,20,0,0,0,0,0,0,0,0,0,0,0,0,0
13587177,2,4,5,0,0,0,0,0,0,0,0,0,0,0,0,0
13587178,11,14,25,0,0,0,0,0,0,0,0,0,0,2,0,0
13587179,5,13,14,0,0,0,0,0,0,0,0,0,0,5,0,0
13587180,2,6,6,0,0,0,0,0,0,0,0,0,0,0,0,0
13587181,4,8,8,0,0,0,0,0,0,0,0,0,0,1,0,0
13587182,4,6,10,0,0,1,0,1,0,1,0,0,0,0,0,0
13587183,4,15,11,0,0,0,0,0,0,0,0,0,0,0,0,0
13587184,18,184,42,0,0,1,0,1,1,1,0,0,0,4,0,0
13587185,1,1,2,0,0,0,0,0,0,0,0,0,0,0,0,0
13587186,5,8,24,0,0,0,0,0,0,0,0,0,0,1,0,0
13587187,7,26,19,0,0,0,0,0,0,0,0,0,0,0,0,0
13587188,0,0,0,0,0,0,0,0,0,0,0,0,0,0,0,0
13587189,1,1,1,0,0,0,0,0,0,0,0,0,0,1,0,0
13587190,2,5,7,0,0,0,0,0,0,0,0,0,0,1,0,0
13587191,4,27,13,0,0,0,0,0,1,1,0,0,0,3,0,0
13587192,3,13,11,0,0,0,0,0,0,0,0,0,0,0,0,0
13587193,1,2,2,0,0,0,0,0,0,0,0,0,0,0,0,0
13587194,4,6,9,0,0,0,0,0,0,0,0,0,0,0,0,0
13587195,0,0,0,0,0,0,0,0,0,0,0,0,0,0,0,0
13587196,6,10,14,0,0,0,0,0,1,1,0,0,0,0,0,0
13587197,9,14,20,0,0,1,0,1,1,1,0,0,0,1,0,0
13587198,10,19,21,0,0,0,0,0,0,0,0,0,0,1,0,0
13587199,6,41,11,0,0,0,1,0,0,1,0,0,0,4,0,0
13587200,4,7,12,0,0,0,0,0,0,0,0,0,0,0,0,0
13587201,13,36,33,0,0,0,0,0,0,0,0,0,0,1,0,0
13587202,10,34,35,0,0,0,0,0,0,0,0,0,0,2,0,0
13587203,15,59,42,0,0,0,0,0,0,0,0,0,0,2,0,0
13587204,2,5,5,0,0,0,0,0,0,0,0,0,0,1,0,0
13587205,2,3,4,0,0,0,0,0,0,0,0,0,0,0,0,0
13587206,9,17,19,0,0,1,0,2,1,2,0,0,0,0,0,0
13587207,16,34,32,0,0,0,0,0,1,1,0,0,0,2,0,0
13587208,8,30,14,0,0,0,0,0,0,0,0,0,0,0,0,0
13587209,3,5,7,0,0,0,0,0,0,0,0,0,0,0,0,0
13587210,0,0,0,0,0,0,0,0,0,0,0,0,0,0,0,0
13587211,7,14,11,0,0,0,0,0,1,1,0,0,0,1,0,0
13587212,19,46,49,0,0,0,0,0,0,0,0,0,0,3,0,0
13587213,3,11,8,0,0,0,0,0,0,0,0,0,0,1,0,0
13587214,6,17,17,0,0,0,0,0,0,0,0,0,0,1,0,0
13587215,5,31,12,0,0,0,0,0,0,0,0,0,0,2,0,0
13587216,5,11,9,0,0,0,0,0,0,0,0,0,0,3,0,0
13587217,13,108,29,0,0,1,0,1,1,1,0,0,0,3,0,0
13587218,12,48,38,0,0,0,0,0,0,0,0,0,0,1,0,0
13587219,2,3,4,0,0,0,0,0,0,0,0,0,0,0,0,0
13587220,7,12,14,0,0,0,0,0,1,1,0,0,0,2,0,0
13587221,1,6,2,0,0,0,0,0,0,0,0,0,0,0,0,0
13587222,15,46,54,0,0,1,0,1,0,1,0,0,0,3,0,0
13587223,0,0,0,0,0,0,0,0,0,0,0,0,0,0,0,0
13587224,8,17,21,0,0,0,0,0,0,0,0,0,0,1,0,0
13587225,5,14,15,0,0,0,0,0,0,0,0,0,0,2,0,0
13587226,14,40,39,0,0,0,0,0,1,1,0,0,0,1,0,0
13587227,4,16,13,0,0,0,0,0,0,0,0,0,0,0,0,0
13587228,1,1,2,0,0,0,0,0,0,0,0,0,0,0,0,0
13587229,6,13,21,0,0,0,0,0,0,0,0,0,0,1,0,0
13587230,6,13,14,0,0,0,0,0,0,0,0,0,0,1,0,0
13587231,18,34,52,0,0,0,0,0,0,0,0,0,0,4,0,0
13587232,2,4,5,0,0,0,0,0,0,0,0,0,0,0,0,0
13587233,18,21,23,0,0,0,0,0,0,0,0,0,0,1,0,0
13587234,7,22,15,0,0,0,0,0,0,0,0,0,0,1,0,0
13587235,4,21,8,0,0,0,0,0,0,0,0,0,0,0,0,0
13587236,12,43,33,0,0,0,1,0,0,1,0,0,0,4,0,0
13587237,15,34,38,0,0,0,0,0,0,0,0,0,0,4,0,1
13587238,26,94,71,0,0,0,1,0,0,1,0,0,0,5,0,0
13587239,3,16,8,0,0,0,0,0,0,0,0,0,0,1,0,0
13587240,0,0,0,0,0,0,0,0,0,0,0,0,0,0,0,0
13587241,12,31,26,0,0,0,1,0,0,1,0,0,0,3,0,0
13587242,6,15,14,0,0,0,0,0,0,0,0,0,0,0,0,0
13587243,10,30,23,0,0,0,0,0,0,0,0,0,0,2,0,0
13587244,6,14,26,0,0,0,0,0,0,0,0,0,0,0,0,0
13587245,8,26,19,0,0,0,0,0,0,0,0,0,0,4,0,0
13587246,7,12,17,0,0,0,0,0,0,0,0,0,0,1,0,0
13587247,23,68,51,0,0,1,0,1,1,1,0,0,0,1,0,0
13587248,3,7,7,0,0,0,0,0,0,0,0,0,0,1,0,0
13587249,5,10,22,0,0,0,0,0,0,0,0,0,0,2,0,0
13587250,6,14,21,0,0,0,0,0,0,0,0,0,0,2,0,0
13587251,11,32,30,0,0,0,0,0,0,0,0,0,0,1,0,0
13587252,26,64,59,0,0,1,0,1,1,2,0,0,0,3,0,0
13587253,11,38,24,0,0,0,0,0,0,0,0,0,0,2,0,0
13587254,29,74,67,0,0,1,0,1,2,2,0,0,0,1,0,1
13587255,19,56,51,0,0,0,0,0,1,1,0,0,0,3,0,0
13587256,23,80,65,0,0,0,1,0,0,1,0,0,0,3,0,0
13587257,14,108,49,0,0,0,0,0,0,0,0,0,0,2,0,0
13587258,35,369,96,0,0,0,0,0,0,0,0,0,0,7,0,0
13587259,7,30,17,0,0,0,0,0,0,0,0,0,0,0,0,0
13587260,35,138,94,0,0,2,0,1,2,2,0,0,0,6,0,0
13587261,5,14,15,0,0,0,0,0,0,0,0,0,0,3,0,0
13587262,4,12,8,0,0,0,0,0,0,0,0,0,0,1,0,0
13587263,8,22,22,0,0,0,0,0,0,0,0,0,0,2,0,0
13587264,29,66,82,0,0,0,0,1,0,1,0,0,0,7,0,0
13587265,1,2,3,0,0,0,0,0,0,0,0,0,0,0,0,0
13587266,1,4,4,0,0,0,0,0,0,0,0,0,0,0,0,0
13587267,24,88,76,0,0,0,0,1,0,1,0,0,0,7,0,0
13587268,9,26,26,0,0,0,0,0,0,0,0,0,0,0,0,0
13587269,24,71,61,0,0,0,0,0,1,1,0,0,0,2,0,0
13587270,9,23,26,0,0,1,0,1,0,1,0,0,0,1,0,0
13587271,3,22,23,0,0,0,0,0,0,0,0,0,0,0,0,0
13587272,0,0,0,0,0,0,0,0,0,0,0,0,0,0,0,0
13587273,5,18,23,0,0,0,0,0,0,0,0,0,0,2,0,0
13587274,42,131,92,0,0,0,0,0,1,1,0,0,0,6,0,0
13587275,3,6,6,0,0,1,0,1,0,1,0,0,0,0,0,0
13587276,9,18,21,0,0,0,0,0,1,1,0,0,0,2,0,0
13587277,6,13,15,0,0,0,0,0,0,0,0,0,0,1,0,0
13587278,4,8,9,0,0,0,0,0,0,0,0,0,0,1,0,0
13587279,1,6,1,0,0,0,0,0,0,0,0,0,0,0,0,0
13587280,1,1,2,0,0,0,0,0,0,0,0,0,0,0,0,0
13587281,4,10,13,0,0,0,0,0,0,0,0,0,0,0,0,0
13587282,14,33,34,0,0,0,0,0,0,0,0,0,0,3,0,0
13587283,9,26,24,0,0,0,0,0,0,0,0,0,0,1,0,0
13587284,11,23,38,0,0,0,0,0,0,0,0,0,0,5,0,0
13587285,23,60,63,0,0,0,0,0,1,1,0,0,0,2,0,0
13587286,9,18,21,0,0,0,0,0,0,0,0,0,0,4,0,0
13587287,17,42,65,0,0,0,0,0,1,1,0,0,0,2,0,0
13587288,1,3,3,0,0,0,0,0,0,0,0,0,0,0,0,0
13587289,30,72,72,0,0,0,0,0,0,0,0,0,0,3,0,0
13587290,5,25,18,0,0,0,0,0,0,0,0,0,0,1,0,0
13587291,28,60,76,0,0,0,0,0,0,0,0,0,0,6,0,0
13587292,2,4,4,0,0,0,0,0,0,0,0,0,0,1,0,0
13587293,17,41,41,0,0,0,0,0,1,1,0,0,0,3,0,0
13587294,2,5,5,0,0,0,0,0,0,0,0,0,0,1,0,0
13587295,6,24,16,0,0,0,0,0,0,0,0,0,0,1,0,0
13587296,11,21,32,0,0,0,0,0,0,0,0,0,0,3,0,0
13587297,4,12,10,0,0,0,0,0,0,0,0,0,0,0,0,0
13587298,8,19,19,0,0,0,0,0,0,0,0,0,0,2,0,0
13587299,2,6,4,0,0,0,0,0,0,0,0,0,0,0,0,0
13587300,27,69,61,0,0,1,1,1,0,2,0,0,0,6,0,0
13587301,0,0,0,0,0,0,0,0,0,0,0,0,0,0,0,0
13587302,16,35,32,0,0,0,2,0,0,2,0,0,0,3,0,1
13587303,19,65,51,0,0,0,0,0,0,0,0,0,0,5,0,0
13587304,11,20,39,0,0,1,0,1,1,1,0,0,0,2,0,0
13587305,9,20,29,0,0,0,0,0,0,0,0,0,0,6,0,0
13587306,15,43,42,0,0,1,0,1,0,1,0,0,0,3,0,0
13587307,14,65,39,0,0,0,0,0,1,1,0,0,0,2,0,0
13587308,7,15,22,0,0,0,1,0,0,1,0,0,0,3,0,0
13587309,11,38,34,0,0,0,0,0,1,1,0,0,0,5,0,0
13587310,4,11,9,0,0,0,0,0,0,0,0,0,0,0,0,0
13587311,18,55,46,0,0,0,0,0,0,0,0,0,0,5,0,0
13587312,2,7,7,0,0,0,0,0,0,0,0,0,0,1,0,0
13587313,6,12,15,0,0,0,0,0,0,0,0,0,0,2,0,0
13587314,8,22,23,0,0,0,0,1,0,1,0,0,0,6,0,0
13587315,5,25,10,0,0,0,0,0,0,0,0,0,0,0,0,0
13587316,8,16,22,0,0,1,0,2,0,2,0,0,0,4,0,0
13587317,8,25,29,0,0,0,0,0,0,0,0,0,0,1,0,0
13587318,6,17,14,0,0,0,0,0,0,0,0,0,0,0,0,0
13587319,10,27,28,0,0,0,0,0,0,0,0,0,0,1,0,0
13587320,2,12,11,0,0,0,0,0,0,0,0,0,0,3,0,0
13587321,8,16,19,0,0,0,0,0,1,1,0,0,0,0,0,0
13587322,9,32,30,0,0,0,0,0,0,0,0,0,0,5,0,0
13587323,29,81,70,0,0,0,0,0,2,2,0,0,0,5,0,0
13587324,6,12,15,0,0,1,0,1,1,1,0,0,0,1,0,0
13587325,10,36,26,0,0,0,0,0,0,0,0,0,0,4,0,0
13587326,11,15,20,0,0,1,0,1,0,1,0,0,0,0,0,0
13587327,6,12,18,0,0,0,0,0,0,0,0,0,0,3,0,0
13587328,28,58,63,0,0,0,0,0,0,0,0,0,0,3,0,0
13587329,1,4,3,0,0,0,0,0,0,0,0,0,0,0,0,0
13587330,23,59,67,0,0,0,0,0,0,0,0,0,0,8,0,0
13587331,9,19,21,0,0,0,1,0,0,1,0,0,0,0,0,0
13587332,13,38,41,0,0,0,0,0,0,0,0,0,0,6,0,0
13587333,5,11,15,0,0,0,0,0,0,0,0,0,0,1,0,0
13587334,8,28,19,0,0,0,0,0,0,0,0,0,0,4,0,0
13587335,1,2,2,0,0,0,0,0,0,0,0,0,0,0,0,0
13587336,2,6,8,0,0,0,0,0,0,0,0,0,0,3,0,0
13587337,2,8,5,0,0,0,0,0,0,0,0,0,0,1,0,0
13587338,7,24,20,0,0,0,0,0,0,0,0,0,0,2,0,0
13587339,26,47,56,0,0,2,1,2,0,3,0,0,0,5,0,0
13587340,3,12,9,0,0,0,0,0,0,0,0,0,0,1,0,0
13587341,7,17,18,0,0,0,0,0,0,0,0,0,0,4,0,0
13587342,14,20,37,0,0,2,0,3,0,3,0,0,0,3,0,0
13587343,5,46,16,0,0,0,0,0,0,0,0,0,0,2,0,0
13587344,5,9,13,0,0,0,0,0,0,0,0,0,0,0,0,0
13587345,18,42,41,0,0,0,0,0,0,0,0,0,0,4,0,0
13587346,31,91,73,0,0,1,1,1,3,4,0,0,0,5,0,0
13587347,22,51,57,0,0,0,0,0,0,0,0,0,0,8,0,0
13587348,3,9,9,0,0,0,0,0,0,0,0,0,0,5,0,0
13587349,6,116,20,0,0,0,0,0,0,0,0,0,0,2,0,0
13587350,1,3,3,0,0,0,0,0,0,0,0,0,0,0,0,0
13587351,6,15,10,0,0,0,0,0,2,2,0,0,0,1,0,0
13587352,1,7,2,0,0,0,0,0,0,0,0,0,0,0,0,0
13587353,11,37,30,0,0,0,0,0,0,0,0,0,0,0,0,0
13587354,4,15,10,0,0,0,0,0,0,0,0,0,0,1,0,0
13587355,1,6,2,0,0,0,0,0,0,0,0,0,0,0,0,0
13587356,0,0,0,0,0,0,0,0,0,0,0,0,0,0,0,0
13587357,4,9,13,0,0,0,0,0,0,0,0,0,0,1,0,0
13587358,3,6,6,0,0,0,0,0,0,0,0,0,0,0,0,0
13587359,20,75,54,0,0,1,0,1,0,1,0,0,0,4,0,0
13587360,1,3,3,0,0,0,0,0,0,0,0,0,0,1,0,0
13587361,15,36,33,0,0,0,0,0,0,0,0,0,0,2,0,0
13587362,9,29,17,0,0,0,1,0,0,1,0,0,0,3,0,0
13587363,19,58,45,0,0,0,0,0,0,0,0,0,0,3,0,0
13587364,19,52,48,0,0,0,0,0,0,0,0,0,0,5,0,0
13587365,4,5,10,0,0,1,0,1,1,1,0,0,0,0,0,0
13587366,2,3,4,0,0,0,0,0,0,0,0,0,0,0,0,0
13587367,11,24,32,0,0,0,0,0,1,1,0,0,0,4,0,0
13587368,2,4,5,0,0,0,0,0,0,0,0,0,0,0,0,0
13587369,11,66,23,0,0,1,0,1,0,1,0,0,0,0,0,0
13587370,16,52,45,0,0,0,0,0,1,1,0,0,0,6,0,0
13587371,37,106,95,0,0,0,0,0,2,2,0,0,0,10,0,0
13587372,25,92,63,0,0,0,0,1,0,1,0,0,0,5,0,0
13587373,11,17,22,0,0,2,0,2,1,2,0,0,0,5,0,0
13587374,2,9,5,0,0,0,0,0,0,0,0,0,0,0,0,0
13587375,3,6,9,0,0,0,0,0,0,0,0,0,0,2,0,0
13587376,0,0,0,0,0,0,0,0,0,0,0,0,0,0,0,0
13587377,23,60,55,0,0,0,0,0,1,1,0,0,0,4,0,0
13587378,6,30,12,0,0,0,0,0,0,0,0,0,0,0,0,0
13587379,10,18,29,0,0,1,0,1,2,2,0,0,0,3,0,0
13587380,1,7,7,0,0,0,0,0,0,0,0,0,0,3,0,0
13587381,1,1,1,0,0,0,0,0,0,0,0,0,0,0,0,0
13587382,19,116,42,0,0,0,0,0,1,1,0,0,0,3,0,0
13587383,7,21,20,0,0,0,0,0,0,0,0,0,0,3,0,0
13587384,3,3,3,0,0,0,2,0,0,2,0,0,0,2,0,0
13587385,11,33,29,0,0,0,0,1,0,1,0,0,0,2,0,0
13587386,8,16,17,0,0,0,0,0,0,0,0,0,0,0,0,0
13587387,3,11,9,0,0,0,0,0,0,0,0,0,0,0,0,0
13587388,4,6,8,0,0,0,0,0,0,0,0,0,0,0,0,0
13587389,10,19,25,0,0,0,0,0,1,1,0,0,0,2,0,0
13587390,4,26,6,0,0,0,0,0,0,0,0,0,0,0,0,0
13587391,7,33,15,0,0,0,0,0,0,0,0,0,0,0,0,0
13587392,3,6,7,0,0,0,0,0,0,0,0,0,0,0,0,0
13587393,0,0,0,0,0,0,0,0,0,0,0,0,0,0,0,0
13587394,13,31,35,0,0,0,1,0,0,1,0,0,0,2,0,0
13587395,1,1,2,0,0,0,0,0,0,0,0,0,0,0,0,0
13587396,25,94,58,0,0,0,0,1,0,1,0,0,0,5,0,0
13587397,5,8,13,0,0,0,0,0,0,0,0,0,0,0,0,0
13587398,1,1,1,0,0,0,0,0,0,0,0,0,0,1,0,0
13587399,4,26,11,0,0,0,0,0,0,0,0,0,0,1,0,0
13587400,0,0,0,0,0,0,0,0,0,0,0,0,0,0,0,0
13587401,7,17,19,0,0,0,0,0,0,0,0,0,0,0,0,0
13587402,1,7,2,0,0,0,0,0,0,0,0,0,0,0,0,0
13587403,11,37,37,0,0,0,0,0,0,0,0,0,0,3,0,0
13587404,14,33,42,0,0,2,0,2,2,2,0,0,0,3,0,0
13587405,12,51,28,0,0,0,0,0,0,0,0,0,0,2,0,0
13587406,9,14,23,0,0,0,0,0,0,0,0,0,0,5,0,0
13587407,2,8,4,0,0,0,0,0,1,1,0,0,0,0,0,0
13587408,8,26,18,0,0,0,0,0,1,1,0,0,0,2,0,0
13587409,8,50,16,0,0,0,0,0,0,0,0,0,0,0,0,0
13587410,10,38,28,0,0,0,0,0,0,0,0,0,0,4,0,0
13587411,3,3,3,0,0,0,0,0,1,1,0,0,0,1,0,0
13587412,1,1,2,0,0,0,0,0,0,0,0,0,0,0,0,0
13587413,8,53,22,0,0,0,0,0,0,0,0,0,0,1,0,0
13587414,0,0,0,0,0,0,0,0,0,0,0,0,0,0,0,0
13587415,26,67,65,0,0,0,0,0,1,1,0,0,0,6,0,0
13587416,4,8,11,0,0,0,0,0,0,0,0,0,0,0,0,0
13587417,4,7,8,0,0,0,0,0,0,0,0,0,0,0,0,0
13587418,7,31,16,0,0,0,0,0,0,0,0,0,0,1,0,0
13587419,6,26,18,0,0,0,0,0,0,0,0,0,0,1,0,0
13587420,1,3,3,0,0,0,0,0,0,0,0,0,0,0,0,0
13587421,18,50,60,0,0,0,0,0,0,0,0,0,0,2,0,0
13587422,26,75,66,0,0,2,1,3,2,4,0,0,0,4,0,0
13587423,1,2,4,0,0,0,0,0,0,0,0,0,0,0,0,0
13587424,21,55,50,0,0,0,0,0,0,0,0,0,0,4,0,0
13587425,6,14,11,0,0,0,0,0,0,0,0,0,0,1,0,0
13587426,36,104,83,0,0,1,0,1,1,2,0,0,0,8,0,0
13587427,12,23,27,0,0,0,0,0,0,0,0,0,0,6,0,1
13587428,3,7,5,0,0,0,0,0,0,0,0,0,0,0,0,0
13587429,40,101,84,0,0,0,1,0,1,2,0,1,0,8,0,1
13587430,9,13,15,0,0,0,0,0,1,1,0,0,0,2,0,0
13587431,9,27,19,0,0,0,1,0,0,1,0,0,0,4,0,0
13587432,4,10,9,0,0,0,0,0,0,0,0,0,0,0,0,0
13587433,15,39,34,0,0,0,0,0,1,1,0,0,0,7,0,0
13587434,10,30,26,0,0,1,0,1,1,1,0,0,0,5,0,0
13587435,4,9,11,0,0,0,0,0,0,0,0,0,0,4,0,0
13587436,6,38,21,0,0,0,0,0,0,0,0,0,0,7,0,0
13587437,4,17,13,0,0,0,0,0,0,0,0,0,0,1,0,0
13587438,18,54,44,0,0,1,0,1,1,1,0,0,0,4,0,0
13587439,6,8,20,0,0,0,0,0,0,0,0,0,0,0,0,0
13587440,2,4,5,0,0,0,0,0,0,0,0,0,0,0,0,0
13587441,23,70,82,0,0,0,0,0,0,0,0,0,0,6,0,0
13587442,4,24,19,0,0,0,0,0,0,0,0,0,0,1,0,0
13587443,8,31,52,0,0,2,0,2,1,2,0,0,0,7,0,0
13587444,14,29,35,0,0,0,0,0,1,1,0,0,0,3,0,0
13587445,8,12,19,0,0,0,0,0,2,2,0,0,0,3,0,0
13587446,10,39,38,0,0,0,0,0,0,0,0,0,0,4,0,0
13587447,17,94,37,0,0,0,0,0,1,1,0,0,0,7,0,6
13587448,30,113,97,0,0,2,0,2,2,3,0,0,0,6,0,0
13587449,38,108,98,0,0,1,0,3,5,5,0,0,0,7,0,0
13587450,2,5,5,0,0,0,0,0,0,0,0,0,0,0,0,0
13587451,13,113,38,0,0,0,1,0,0,1,0,0,0,7,0,0
13587452,20,69,60,0,0,0,0,0,0,0,0,0,0,6,0,0
13587453,5,9,9,0,0,1,0,1,2,2,0,0,0,0,0,0
13587454,15,37,46,0,0,0,0,0,0,0,0,0,0,5,0,0
13587455,9,26,23,0,0,0,2,0,0,2,0,0,0,3,0,0
13587456,1,1,6,0,0,0,0,0,0,0,0,0,0,0,0,0
13587457,9,30,25,0,0,0,0,0,0,0,0,0,0,5,0,0
13587458,4,7,10,0,0,0,0,0,0,0,0,0,0,0,0,0
13587459,12,34,23,0,0,0,0,0,0,0,0,0,0,3,0,0
13587460,0,0,0,0,0,0,0,0,0,0,0,0,0,0,0,0
13587461,7,17,21,0,0,0,0,0,0,0,0,0,0,4,0,0
13587462,0,0,0,0,0,0,0,0,0,0,0,0,0,0,0,0
13587463,10,25,28,0,0,0,0,0,0,0,0,0,0,5,0,0
13587464,1,2,2,0,0,0,0,0,0,0,0,0,0,0,0,0
13587465,3,15,8,0,0,0,0,0,0,0,0,0,0,4,0,0
13587466,5,14,15,0,0,0,0,0,0,0,0,0,0,0,0,0
13587467,15,51,40,0,0,0,0,0,0,0,0,0,0,3,0,0
13587468,2,10,3,0,0,0,0,0,0,0,0,0,0,0,0,0
13587469,2,2,3,0,0,0,0,0,1,1,0,0,0,0,0,0
13587470,0,0,0,0,0,0,0,0,0,0,0,0,0,0,0,0
13587471,7,17,21,0,0,0,0,0,1,1,0,0,0,4,0,0
13587472,36,97,90,0,0,0,3,0,1,4,0,0,0,9,0,0
13587473,14,49,36,0,0,0,0,0,0,0,0,0,0,5,0,0
13587474,16,37,44,0,0,0,0,1,0,1,0,0,0,2,0,0
13587475,1,3,2,0,0,0,0,0,0,0,0,0,0,0,0,0
13587476,7,15,17,0,0,0,0,0,0,0,0,0,0,3,0,0
13587477,4,22,13,0,0,0,0,0,0,0,0,0,0,1,0,0
13587478,3,40,6,0,0,0,0,0,0,0,0,0,0,0,0,0
13587479,10,27,21,0,0,0,0,0,1,1,0,0,0,1,0,0
13587480,3,3,5,0,0,0,0,0,0,0,0,0,0,0,0,0
13587481,7,20,18,0,0,0,0,0,0,0,0,0,0,0,0,0
13587482,4,7,8,0,0,0,1,0,0,1,0,0,0,0,0,0
13587483,6,22,14,0,0,0,0,0,0,0,0,0,0,2,0,0
13587484,5,20,7,0,0,0,1,0,2,3,0,0,0,1,0,0
13587485,7,16,11,0,0,0,1,0,0,1,0,0,0,0,0,0
13587486,3,14,6,0,0,0,0,0,0,0,0,0,0,0,0,0
13587487,11,83,40,0,0,0,0,0,0,0,0,0,0,1,0,0
13587488,2,5,5,0,0,0,0,0,0,0,0,0,0,1,0,0
13587489,17,37,39,0,0,0,0,0,0,0,0,0,0,2,0,0
13587490,29,111,69,0,0,1,0,0,1,1,0,0,0,3,0,1
13587491,2,4,5,0,0,0,0,0,0,0,0,0,0,1,0,0
13587492,14,32,32,0,0,1,0,1,0,1,0,0,0,2,0,0
13587493,1,3,3,0,0,0,0,0,0,0,0,0,0,0,0,0
13587494,5,5,16,0,0,1,0,1,1,2,0,0,0,1,0,0
13587495,1,1,2,0,0,0,0,0,0,0,0,0,0,1,0,0
13587496,3,5,8,0,0,0,0,0,0,0,0,0,0,0,0,0
13587497,1,2,2,0,0,0,0,0,0,0,0,0,0,0,0,0
13587498,25,85,68,0,0,0,0,0,3,3,0,0,0,3,0,0
13587499,16,53,41,0,0,0,0,0,1,1,0,0,0,6,0,0
13587500,3,11,4,0,0,0,0,0,0,0,0,0,0,1,0,0
13587501,3,5,5,0,0,0,0,0,0,0,0,0,0,0,0,0
13587502,10,30,32,0,0,0,0,0,0,0,0,0,0,2,0,0
13587503,1,1,2,0,0,0,0,0,0,0,0,0,0,0,0,0
13587504,9,22,21,0,0,0,0,0,0,0,0,0,0,1,0,0
13587505,10,41,30,0,0,0,0,0,0,0,0,0,0,5,0,0
13587506,21,38,48,0,0,2,0,2,2,4,0,0,0,4,0,0
13587507,13,21,28,0,0,1,0,1,0,1,0,0,0,2,0,0
13587508,23,89,45,0,0,2,1,3,3,6,0,0,0,2,0,0
13587509,22,54,54,0,0,0,0,0,1,1,0,0,0,4,0,0
13587510,8,20,24,0,0,0,0,1,1,2,0,0,0,2,0,0
13587511,17,47,38,0,0,1,0,1,0,1,0,0,0,5,0,0
13587512,25,66,59,0,0,0,0,0,0,0,0,0,0,6,0,0
13587513,6,46,13,0,0,0,0,0,0,0,0,0,0,1,0,0
13587514,0,0,0,0,0,0,0,0,0,0,0,0,0,0,0,0
13587515,5,8,9,0,0,0,1,0,0,1,0,0,0,1,0,0
13587516,5,15,14,0,0,0,0,0,0,0,0,0,0,1,0,0
13587517,4,10,10,0,0,0,0,0,0,0,0,0,0,0,0,0
13587518,30,154,60,0,0,0,1,0,0,1,0,0,0,5,0,0
13587519,11,29,32,0,0,0,0,0,0,0,0,0,0,2,0,0
13587520,19,29,70,0,0,1,2,3,0,5,0,0,0,2,0,0
13587521,13,22,64,0,0,0,0,0,0,0,0,0,0,3,0,0
13587522,4,13,9,0,0,0,1,0,0,1,0,0,0,0,0,0
13587523,2,3,3,0,0,0,0,0,0,0,0,0,0,0,0,0
13587524,14,24,29,0,0,0,0,0,0,0,0,0,0,1,0,0
13587525,2,5,5,0,0,0,0,0,0,0,0,0,0,0,0,0
13587526,9,16,48,0,0,0,0,0,0,0,0,0,0,2,0,0
13587527,4,35,10,0,0,0,0,0,0,0,0,0,0,1,0,0
13587528,13,34,24,0,0,0,0,1,1,1,0,0,0,1,0,1
13587529,27,53,85,0,0,1,0,1,1,1,0,0,0,1,0,1
13587530,8,16,29,0,0,0,0,0,0,0,0,0,0,2,0,0
13587531,11,39,28,0,0,0,0,0,0,0,0,0,0,3,0,0
13587532,5,17,17,0,0,0,0,0,0,0,0,0,0,1,0,0
13587533,25,125,69,0,0,0,0,1,0,1,0,0,0,3,0,0
13587534,18,103,53,0,0,0,0,0,0,0,0,0,0,2,0,0
13587535,6,9,15,0,0,0,0,0,0,0,0,0,0,1,0,0
13587536,11,25,29,0,0,0,0,0,0,0,0,0,0,1,0,0
13587537,7,14,17,0,0,0,0,0,0,0,0,0,0,1,0,0
13587538,1,1,2,0,0,0,0,0,0,0,0,0,0,0,0,0
13587539,0,0,0,0,0,0,0,0,0,0,0,0,0,0,0,0
13587540,0,0,0,0,0,0,0,0,0,0,0,0,0,0,0,0
13587541,3,4,6,0,0,0,0,0,0,0,0,0,0,0,0,0
13587542,3,6,10,0,0,0,1,0,0,1,0,0,0,1,0,0
13587543,25,55,52,0,0,0,2,0,1,3,0,0,0,4,0,0
13587544,8,17,24,0,0,0,0,0,0,0,0,0,0,2,0,0
13587545,1,4,4,0,0,0,0,0,0,0,0,0,0,0,0,0
13587546,22,40,49,0,0,2,0,2,2,2,0,0,0,3,0,0
13587547,11,18,23,0,0,0,0,0,0,0,0,0,0,3,0,0
13587548,8,11,14,0,0,0,0,0,0,0,0,0,0,1,0,0
13587549,1,1,1,0,0,0,1,0,0,1,0,0,0,1,0,0
13587550,0,0,0,0,0,0,0,0,0,0,0,0,0,0,0,0
13587551,10,31,18,0,0,0,0,0,0,0,0,0,0,1,0,0
13587552,13,85,24,0,0,1,0,1,0,1,0,0,0,2,0,0
13587553,22,39,41,0,0,2,0,2,2,3,0,0,0,1,0,0
13587554,22,47,50,0,0,0,0,0,0,0,0,0,0,3,0,0
13587555,8,67,26,0,0,0,0,0,0,0,0,0,0,2,0,0
13587556,4,9,10,0,0,0,0,0,0,0,0,0,0,0,0,0
13587557,10,41,19,0,0,1,0,1,1,2,0,0,0,2,0,0
13587558,4,6,7,0,0,0,0,0,0,0,0,0,0,1,0,0
13587559,5,17,10,0,0,0,0,0,0,0,0,0,0,1,0,0
13587560,1,19,3,0,0,0,0,0,0,0,0,0,0,0,0,0
13587561,8,24,16,0,0,0,0,0,1,1,0,0,0,2,0,0
13587562,0,0,0,0,0,0,0,0,0,0,0,0,0,0,0,0
13587563,0,0,0,0,0,0,0,0,0,0,0,0,0,0,0,0
13587564,0,0,0,0,0,0,0,0,0,0,0,0,0,0,0,0
13587565,4,7,8,0,0,0,0,0,0,0,0,0,0,1,0,0
13587566,1,1,3,0,0,0,0,0,0,0,0,0,0,0,0,0
13587567,12,25,23,0,0,0,0,0,2,2,0,0,0,3,0,0
13587568,3,23,5,0,0,0,0,0,0,0,0,0,0,1,0,0
13587569,13,32,39,0,0,0,0,1,2,2,0,0,0,1,0,0
13587570,4,4,9,0,0,0,0,0,0,0,0,0,0,0,0,0
13587571,27,81,78,0,0,0,1,0,0,1,0,0,0,2,0,0
13587572,4,18,9,0,0,0,0,0,0,0,0,0,0,1,0,0
13587573,5,9,12,0,0,0,0,0,0,0,0,0,0,0,0,0
13587574,1,1,4,0,0,0,0,0,0,0,0,0,0,0,0,0
13587575,13,33,35,0,0,0,0,0,0,0,0,0,0,1,0,0
13587576,1,2,4,0,0,0,0,0,0,0,0,0,0,0,0,0
13587577,0,0,0,0,0,0,0,0,0,0,0,0,0,0,0,0
13587578,6,31,12,0,0,0,0,0,1,1,0,0,0,1,0,0
13587579,12,17,30,0,0,2,0,2,2,2,0,0,0,0,0,0
13587580,4,4,12,0,0,1,0,1,0,1,0,0,0,0,0,0
13587581,8,19,19,0,0,0,0,1,1,2,0,0,0,1,0,0
13587582,2,5,5,0,0,0,0,0,0,0,0,0,0,0,0,0
13587583,9,16,17,0,0,2,1,2,1,3,0,0,0,1,0,0
13587584,4,14,7,0,0,0,0,0,0,0,0,0,0,0,0,0
13587585,9,14,18,0,0,2,1,1,3,4,1,0,0,1,0,0
13587586,32,72,89,0,0,0,1,0,1,2,0,0,0,4,0,0
13587587,1,1,1,0,0,0,0,0,0,0,0,0,0,1,0,0
13587588,5,30,13,0,0,0,0,0,0,0,0,0,0,1,0,0
13587589,34,116,94,0,0,1,0,1,3,4,0,0,0,8,0,0
13587590,12,31,39,0,0,0,0,0,1,1,0,0,0,3,0,0
13587591,7,13,14,0,0,0,1,0,0,1,0,0,0,3,0,0
13587592,3,7,8,0,0,0,0,0,0,0,0,0,0,2,0,0
13587593,1,1,1,0,0,0,1,0,0,1,0,0,0,1,0,0
13587594,5,15,13,0,0,0,0,0,0,0,0,0,0,1,0,0
13587595,3,9,5,0,0,0,0,0,0,0,0,0,0,0,0,0
13587596,5,8,10,0,0,0,1,0,0,1,0,0,0,2,0,0
13587597,28,48,65,0,0,3,0,3,0,3,0,0,0,1,0,0
13587598,7,33,15,0,0,1,0,1,0,1,0,0,0,2,0,0
13587599,1,1,2,0,0,0,0,0,0,0,0,0,0,0,0,0
13587600,9,66,22,0,0,0,0,0,0,0,0,0,0,2,0,0
13587601,7,61,19,0,0,0,0,0,0,0,0,0,0,0,0,0
13587602,20,48,43,0,0,0,0,0,0,0,0,0,0,4,0,0
13587603,0,0,0,0,0,0,0,0,0,0,0,0,0,0,0,0
13587604,11,80,29,0,0,0,0,0,0,0,0,0,0,1,0,0
13587605,13,22,28,0,0,0,0,0,0,0,0,0,0,3,0,0
13587606,0,0,0,0,0,0,0,0,0,0,0,0,0,0,0,0
13587607,0,0,0,0,0,0,0,0,0,0,0,0,0,0,0,0
13587608,0,0,0,0,0,0,0,0,0,0,0,0,0,0,0,0
13587609,25,93,49,0,0,1,1,1,0,2,0,0,0,3,0,0
13587610,4,7,10,0,0,0,0,0,0,0,0,0,0,0,0,0
13587611,17,37,41,0,0,0,0,2,1,2,0,0,0,3,0,0
13587612,2,4,4,0,0,0,0,0,0,0,0,0,0,0,0,0
13587613,6,8,12,0,0,0,0,0,1,1,0,0,0,0,0,0
13587614,8,37,24,0,0,0,0,0,0,0,0,0,0,0,0,0
13587615,21,39,49,0,0,0,0,1,1,2,0,0,0,1,0,0
13587616,2,2,3,0,0,0,0,0,0,0,0,0,0,0,0,0
13587617,12,18,27,0,0,1,0,1,1,1,0,0,0,2,0,0
13587618,5,10,10,0,0,0,0,0,0,0,0,0,0,1,0,0
13587619,6,7,10,0,0,0,0,1,1,2,0,0,0,2,0,0
13587620,7,17,13,0,0,0,1,0,1,2,0,0,0,1,0,0
13587621,1,1,3,0,0,0,0,0,0,0,0,0,0,0,0,0
13587622,1,1,2,0,0,0,0,0,0,0,0,0,0,0,0,0
13587623,3,5,6,0,0,1,0,1,1,1,0,0,0,0,0,0
13587624,4,7,10,0,0,1,0,1,1,1,0,0,0,0,0,0
13587625,22,45,50,0,0,1,1,1,1,2,0,0,0,2,0,0
13587626,10,30,23,0,0,0,0,0,0,0,0,0,0,2,0,0
13587627,9,23,23,0,0,0,0,0,0,0,0,0,0,1,0,0
13587628,4,10,16,0,0,0,0,0,0,0,0,0,0,0,0,0
13587629,29,85,75,0,0,0,0,0,1,1,0,0,0,4,0,0
13587630,15,31,37,0,0,0,0,0,0,0,0,0,0,2,0,0
13587631,4,32,21,0,0,0,0,0,0,0,0,0,0,1,0,0
13587632,7,13,16,0,0,0,0,1,2,3,0,0,0,3,0,0
13587633,16,53,33,0,0,1,0,1,0,1,0,0,0,1,0,0
13587634,5,20,9,0,0,0,0,0,0,0,0,0,0,2,0,0
13587635,16,35,31,0,0,0,1,0,1,2,0,0,0,3,0,0
13587636,8,14,14,0,0,0,0,0,1,1,0,0,0,1,0,0
13587637,8,42,42,0,0,0,0,0,0,0,0,0,0,1,0,0
13587638,6,15,16,0,0,0,0,0,0,0,0,0,0,1,0,0
13587639,15,47,29,0,0,0,0,0,0,0,0,0,0,4,0,0
13587640,16,26,31,0,0,0,0,1,1,2,0,0,0,1,0,0
13587641,23,177,79,0,0,0,2,0,2,4,0,0,0,4,0,0
13587642,7,17,21,0,0,0,0,0,0,0,0,0,0,2,0,0
13587643,5,7,11,0,0,0,0,1,0,1,0,0,0,1,0,0
13587644,0,0,0,0,0,0,0,0,0,0,0,0,0,0,0,0
13587645,3,7,5,0,0,1,0,1,0,1,0,0,0,0,0,0
13587646,2,2,6,0,0,0,0,0,0,0,0,0,0,0,0,0
13587647,15,26,26,0,0,0,1,0,0,1,0,0,0,2,0,0
13587648,5,13,13,0,0,0,0,0,0,0,0,0,0,1,0,0
13587649,2,3,4,0,0,0,0,0,0,0,0,0,0,0,0,0
13587650,17,105,39,0,0,1,0,1,2,2,0,0,0,1,0,0
13587651,32,83,76,0,0,0,0,1,2,3,0,0,0,4,0,0
13587652,3,70,7,0,0,0,0,0,0,0,0,0,0,1,0,0
13587653,30,76,71,0,0,1,1,1,2,3,0,0,0,6,0,0
13587654,33,67,75,0,0,1,2,1,1,4,0,0,0,6,0,0
13587655,3,6,8,0,0,0,0,0,1,1,0,0,0,1,0,0
13587656,28,151,62,0,0,1,2,1,1,4,0,0,0,8,0,0
13587657,14,101,31,0,0,1,0,1,0,1,0,0,0,0,0,0
13587658,27,85,59,0,0,0,0,0,0,0,0,0,0,0,0,1
13587659,3,4,6,0,0,0,0,0,0,0,0,0,0,0,0,0
13587660,1,4,4,0,0,0,0,0,0,0,0,0,0,0,0,0
13587661,6,14,16,0,0,0,0,0,0,0,0,0,0,2,0,0
13587662,3,6,7,0,0,0,0,0,0,0,0,0,0,0,0,0
13587663,6,15,18,0,0,0,0,0,0,0,0,0,0,1,0,1
13587664,4,6,6,0,0,0,1,0,0,1,0,0,0,1,0,0
13587665,7,16,13,0,0,0,0,0,0,0,0,0,0,0,0,0
13587666,12,143,31,0,0,0,0,0,0,0,0,0,0,0,0,1
13587667,1,3,3,0,0,0,0,0,0,0,0,0,0,1,0,0
13587668,1,2,2,0,0,0,0,0,0,0,0,0,0,0,0,0
13587669,6,12,13,0,0,0,0,0,0,0,0,0,0,1,0,0
13587670,1,1,2,0,0,0,0,0,0,0,0,0,0,0,0,0
13587671,1,1,2,0,0,0,0,0,0,0,0,0,0,0,0,0
13587672,0,0,0,0,0,0,0,0,0,0,0,0,0,0,0,0
13587673,0,0,0,0,0,0,0,0,0,0,0,0,0,0,0,0
13587674,3,4,5,0,0,0,0,0,0,0,0,0,0,0,0,0
13587675,1,1,1,0,0,0,0,0,0,0,0,0,0,1,0,0
13587676,8,12,14,0,0,0,0,0,0,0,0,0,0,0,0,0
13587677,3,3,5,0,0,0,0,0,1,1,0,0,0,0,0,1
13587678,1,2,4,0,0,0,0,0,0,0,0,0,0,0,0,0
13587679,4,5,5,0,0,0,0,0,1,1,0,0,0,2,0,0
13587680,13,65,24,0,0,0,0,0,0,0,0,0,0,1,0,1
13587681,1,1,2,0,0,0,0,0,0,0,0,0,0,1,0,0
13587682,16,32,29,0,0,0,1,0,0,1,0,0,0,2,0,1
13587683,1,1,2,0,0,0,0,0,0,0,0,0,0,0,0,0
13587684,8,29,18,0,0,1,0,1,1,1,0,0,0,0,0,0
13587685,0,0,0,0,0,0,0,0,0,0,0,0,0,0,0,0
13587686,7,17,16,0,0,0,0,0,0,0,0,0,0,1,0,0
13587687,3,67,9,0,0,0,0,0,0,0,0,0,0,0,0,0
13587688,3,2,2,0,0,1,0,1,2,2,0,0,0,1,0,0
13587689,2,3,4,0,0,0,0,0,0,0,0,0,0,0,0,0
13587690,5,44,14,0,0,0,0,0,0,0,0,0,0,0,0,0
13587691,9,23,18,0,0,0,0,1,1,1,0,0,0,2,0,0
13587692,6,12,11,0,0,1,0,1,1,1,0,0,0,0,0,0
13587693,4,20,7,0,0,0,0,1,0,1,0,0,0,1,0,0
13587694,1,4,3,0,0,0,0,0,0,0,0,0,0,0,0,0
13587695,13,46,32,0,0,0,0,0,0,0,0,0,0,3,0,0
13587696,10,20,17,0,0,1,0,1,1,2,0,0,0,0,0,0
13587697,10,26,14,0,0,1,0,1,2,3,0,0,0,1,0,0
13587698,0,0,0,0,0,0,0,0,0,0,0,0,0,0,0,0
13587699,8,14,13,0,0,1,1,1,0,2,0,0,0,1,0,1
13587700,6,18,17,0,0,2,0,2,1,2,0,0,0,0,0,0
13587701,8,13,14,0,0,0,1,0,1,2,0,0,0,2,0,0
13587702,2,4,4,0,0,0,0,0,0,0,0,0,0,2,0,0
13587703,1,2,2,0,0,0,0,0,0,0,0,0,0,0,0,0
13587704,22,101,49,0,0,0,0,0,2,2,0,0,0,3,0,0
13587705,5,15,11,0,0,1,0,1,1,1,0,0,0,1,0,0
13587706,1,2,2,0,0,0,0,0,0,0,0,0,0,1,0,0
13587707,3,5,14,0,0,0,0,0,0,0,0,0,0,0,0,0
13587708,7,19,16,0,0,0,0,0,0,0,0,0,0,1,0,0
13587709,12,29,27,0,0,0,0,0,1,1,0,0,0,0,0,0
13587710,7,64,15,0,0,0,0,0,1,1,0,0,0,0,0,0
13587711,8,59,14,0,0,0,1,0,1,2,0,0,0,1,0,0
13587712,1,2,2,0,0,0,0,0,0,0,0,0,0,0,0,0
13587713,6,8,13,0,0,1,0,1,0,1,0,0,0,1,0,0
13587714,12,30,23,0,0,0,0,0,1,1,0,0,0,0,0,0
13587715,5,9,12,0,0,0,0,0,0,0,0,0,0,0,0,0
13587716,3,16,6,0,0,0,0,0,0,0,0,0,0,0,0,0
13587717,12,37,26,0,0,1,0,1,0,1,0,0,0,1,0,0
13587718,10,85,34,0,0,0,0,0,0,0,0,0,0,2,0,0
13587719,7,26,12,0,0,0,0,1,0,1,0,0,0,1,0,0
13587720,10,29,20,0,0,0,0,1,0,1,0,0,0,2,0,0
13587721,22,95,51,0,0,0,0,0,3,3,0,0,0,3,0,0
13587722,21,98,47,0,0,0,0,0,1,1,0,0,0,5,0,0
13587723,15,136,41,0,0,0,0,1,0,1,0,0,0,5,0,0
13587724,2,2,3,0,0,0,0,0,1,1,0,0,0,0,0,0
13587725,13,40,26,0,0,0,1,0,2,3,1,0,0,3,11,0
13587726,11,17,22,0,0,1,0,2,0,2,0,0,0,4,0,0
13587727,28,165,59,0,0,0,0,0,2,2,0,0,0,8,0,0
13587728,8,17,18,0,0,0,1,0,0,1,0,0,0,1,0,0
13587729,10,30,17,0,0,0,0,0,0,0,0,0,0,1,0,0
13587730,4,16,8,0,0,0,0,0,0,0,0,0,0,0,0,0
13587731,7,18,14,0,0,0,0,0,0,0,0,0,0,2,0,0
13587732,11,23,30,0,0,0,1,0,0,1,0,0,0,2,0,0
13587733,23,50,59,0,0,0,0,0,0,0,0,0,0,3,0,0
13587734,4,8,9,0,0,0,0,0,0,0,0,0,0,1,0,0
13587735,10,27,23,0,0,0,0,0,0,0,0,0,0,1,0,0
13587736,2,3,5,0,0,0,0,0,0,0,0,0,0,0,0,0
13587737,7,17,18,0,0,0,0,0,0,0,0,0,0,2,0,0
13587738,5,13,16,0,0,0,0,0,0,0,0,0,0,1,0,0
13587739,9,54,21,0,0,0,0,0,0,0,0,0,0,1,0,0
13587740,1,2,3,0,0,0,0,0,0,0,0,0,0,0,0,0
13587741,2,3,3,0,0,0,0,0,0,0,0,0,0,0,0,1
13587742,2,3,4,0,0,0,0,0,0,0,0,0,0,0,0,0
13587743,11,35,46,0,0,0,0,0,0,0,0,0,0,0,0,0
13587744,26,83,53,0,0,2,0,2,2,3,0,0,0,2,0,0
13587745,12,55,23,0,0,1,0,1,1,1,0,0,0,1,0,0
13587746,11,17,22,0,0,1,0,1,1,1,0,0,0,1,0,0
13587747,17,33,46,0,0,0,1,0,1,2,0,0,0,4,0,0
13587748,5,12,14,0,0,0,0,0,0,0,0,0,0,1,0,0
13587749,8,16,16,0,0,1,0,1,0,1,0,0,0,1,0,1
13587750,0,0,0,0,0,0,0,0,0,0,0,0,0,0,0,0
13587751,13,27,37,0,0,0,0,1,0,1,0,0,0,2,0,0
13587752,2,6,7,0,0,0,0,0,0,0,0,0,0,0,0,0
13587753,21,51,53,0,0,0,0,0,2,2,0,0,0,5,0,0
13587754,1,1,2,0,0,0,0,0,0,0,0,0,0,0,0,0
13587755,1,1,2,0,0,0,0,0,0,0,0,0,0,0,0,0
13587756,8,15,20,0,0,0,0,0,0,0,0,0,0,3,0,0
13587757,2,5,6,0,0,0,0,0,0,0,0,0,0,1,0,0
13587758,3,5,5,0,0,0,1,0,0,1,0,0,0,0,0,0
13587759,15,44,33,0,0,1,1,1,1,2,0,0,0,3,0,0
13587760,2,2,3,0,0,0,1,0,0,1,0,0,0,0,0,0
13587761,1,1,1,0,0,0,0,0,0,0,0,0,0,1,0,0
13587762,7,29,20,0,0,0,1,0,0,1,0,0,0,1,0,0
13587763,2,5,6,0,0,0,0,0,0,0,0,0,0,0,0,0
13587764,4,22,11,0,0,0,0,0,0,0,0,0,0,0,0,0
13587765,3,12,4,0,0,0,0,0,0,0,0,0,0,0,0,0
13587766,4,8,13,0,0,0,0,0,0,0,0,0,0,0,0,0
13587767,4,6,9,0,0,0,1,0,0,1,0,0,0,1,0,0
13587768,9,15,19,0,0,0,0,0,0,0,0,0,0,3,0,0
13587769,8,18,15,0,0,0,1,0,0,1,0,0,0,1,0,0
13587770,1,2,2,0,0,0,0,0,0,0,0,0,0,1,0,0
13587771,28,55,60,0,0,0,0,0,0,0,0,0,0,2,0,0
13587772,36,110,117,0,0,0,0,0,0,0,0,0,0,2,0,0
13587773,20,64,75,0,0,0,0,0,0,0,0,0,0,2,0,0
13587774,18,48,57,0,0,1,0,1,0,1,0,0,0,4,0,0
13587775,26,96,71,0,0,0,0,0,1,1,0,0,0,4,0,0
13587776,20,79,53,0,0,1,1,1,0,2,0,0,0,2,0,0
13587777,10,30,32,0,0,0,0,0,0,0,0,0,0,3,0,0
13587778,3,8,10,0,0,0,0,0,0,0,0,0,0,1,0,1
13587779,1,1,2,0,0,0,0,0,0,0,0,0,0,0,0,0
13587780,9,36,24,0,0,0,0,0,0,0,0,0,0,2,0,0
13587781,17,72,43,0,0,1,0,1,0,1,0,0,0,1,0,0
13587782,15,45,40,0,0,1,0,2,0,2,0,0,0,0,0,0
13587783,15,28,38,0,0,0,0,0,1,1,0,0,0,3,0,0
13587784,14,32,28,0,0,1,0,2,1,2,0,0,0,2,0,0
13587785,11,63,40,0,0,0,0,0,0,0,0,0,0,4,0,0
13587786,2,2,2,0,0,1,0,1,0,1,0,0,0,0,0,0
13587787,3,6,6,0,0,0,0,0,0,0,0,0,0,0,0,0
13587788,17,145,49,0,0,0,0,0,0,0,0,0,0,3,0,0
13587789,1,2,4,0,0,0,0,0,0,0,0,0,0,0,0,0
13587790,2,2,3,0,0,0,1,0,0,1,0,0,0,0,0,0
13587791,20,44,48,0,0,1,0,1,3,4,0,0,0,9,0,0
13587792,9,30,24,0,0,0,0,0,1,1,0,0,0,0,0,0
13587793,12,28,23,0,0,1,2,1,1,4,0,0,0,3,0,0
13587794,1,3,2,0,0,0,0,0,0,0,0,0,0,0,0,0
13587795,3,5,8,0,0,0,0,0,0,0,0,0,0,0,0,0
13587796,13,65,24,0,0,1,0,1,1,1,0,0,0,3,0,0
13587797,7,76,22,0,0,0,0,0,0,0,0,0,0,0,0,0
13587798,10,21,38,0,0,0,0,0,0,0,0,0,0,1,0,0
13587799,6,120,16,0,0,0,0,0,1,1,0,0,0,2,0,0
13587800,1,1,2,0,0,0,0,0,0,0,0,0,0,0,0,0
13587801,14,33,37,0,0,0,0,0,0,0,0,0,0,2,0,0
13587802,4,12,13,0,0,0,0,0,0,0,0,0,0,1,0,0
13587803,1,8,2,0,0,0,0,0,0,0,0,0,0,0,0,0
13587804,11,34,26,0,0,0,0,0,0,0,0,0,0,2,0,0
13587805,8,15,24,0,0,0,0,0,1,1,0,0,0,2,0,0
13587806,2,6,6,0,0,0,0,0,0,0,0,0,0,1,0,0
13587807,10,29,35,0,0,0,0,0,0,0,0,0,0,3,0,0
13587808,9,24,23,0,0,0,0,0,1,1,0,0,0,2,0,0
13587809,13,39,33,0,0,0,1,0,0,1,0,0,0,2,0,0
13587810,10,16,20,0,0,0,0,0,0,0,0,0,0,1,0,0
13587811,2,8,7,0,0,0,0,0,0,0,0,0,0,0,0,0
13587812,0,0,0,0,0,0,0,0,0,0,0,0,0,0,0,0
13587813,12,41,31,0,0,0,0,0,0,0,0,0,0,0,0,0
13587814,23,53,55,0,0,1,0,1,0,1,0,0,0,1,0,0
13587815,9,18,23,0,0,0,0,0,0,0,0,0,0,2,0,0
13587816,3,5,7,0,0,0,0,0,0,0,0,0,0,0,0,0
13587817,14,32,63,0,0,0,0,0,0,0,0,0,0,4,0,0
13587818,14,43,33,0,0,0,0,0,0,0,0,0,0,4,0,0
13587819,16,57,39,0,0,1,0,1,2,2,0,0,0,2,0,0
13587820,12,20,17,0,0,1,1,1,1,2,0,0,0,3,0,0
13587821,10,37,24,0,0,0,0,0,1,1,0,0,0,3,0,0
13587822,0,0,0,0,0,0,0,0,0,0,0,0,0,0,0,0
13587823,10,43,42,0,0,0,0,0,1,1,0,0,0,2,0,0
13587824,4,6,7,0,0,0,0,0,0,0,0,0,0,1,0,0
13587825,3,6,5,0,0,0,0,0,0,0,0,0,0,0,0,0
13587826,11,23,25,0,0,0,0,0,0,0,0,0,0,1,0,0
13587827,5,6,9,0,0,0,0,0,0,0,0,0,0,1,0,0
13587828,22,86,70,0,0,0,0,0,0,0,0,0,0,6,0,0
13587829,2,2,5,0,0,0,0,0,0,0,0,0,0,0,0,0
13587830,0,0,0,0,0,0,0,0,0,0,0,0,0,0,0,0
13587831,8,52,16,0,0,0,0,0,1,1,0,0,0,5,0,0
13587832,0,0,0,0,0,0,0,0,0,0,0,0,0,0,0,0
13587833,6,50,13,0,0,0,0,0,2,2,0,0,0,0,0,0
13587834,2,5,5,0,0,0,0,0,0,0,0,0,0,4,0,0
13587835,1,4,4,0,0,0,0,0,0,0,0,0,0,0,0,0
13587836,1,2,1,0,0,0,0,0,0,0,0,0,0,0,0,0
13587837,3,6,7,0,0,0,0,0,0,0,0,0,0,0,0,0
13587838,20,103,51,0,0,1,1,1,1,2,0,0,0,7,0,0
13587839,26,69,80,0,0,2,0,2,1,3,0,0,0,5,0,0
13587840,22,59,48,0,0,0,0,0,1,1,0,0,0,8,0,0
13587841,15,49,31,0,0,0,0,0,0,0,0,0,0,7,0,0
13587842,3,5,6,0,0,0,0,0,0,0,0,0,0,0,0,0
13587843,6,16,16,0,0,0,0,0,0,0,0,0,0,5,0,0
13587844,12,43,27,0,0,0,0,0,0,0,0,0,0,0,0,0
13587845,16,46,37,0,0,0,1,0,0,1,0,0,0,3,0,0
13587846,1,2,2,0,0,0,0,0,0,0,0,0,0,0,0,0
13587847,4,7,7,0,0,0,0,0,0,0,0,0,0,0,0,0
13587848,0,0,0,0,0,0,0,0,0,0,0,0,0,0,0,0
13587849,5,122,11,0,0,0,0,0,0,0,0,0,0,0,0,0
13587850,10,39,26,0,0,0,0,1,0,1,0,0,0,5,0,0
13587851,2,3,4,0,0,0,0,0,0,0,0,0,0,1,0,0
13587852,6,20,18,0,0,0,0,0,1,1,0,0,0,3,0,0
13587853,0,0,0,0,0,0,0,0,0,0,0,0,0,0,0,0
13587854,1,1,6,0,0,0,0,0,0,0,0,0,0,1,0,0
13587855,4,12,5,0,0,0,0,0,1,1,0,0,0,1,0,0
13587856,4,4,8,0,0,0,0,0,1,1,0,0,0,1,0,0
13587857,3,5,11,0,0,0,0,0,0,0,0,0,0,0,0,0
13587858,9,14,15,0,0,1,0,1,1,1,0,0,0,2,0,0
13587859,15,60,25,0,0,0,0,0,1,1,0,0,0,2,0,0
13587860,5,9,11,0,0,0,0,0,1,1,0,0,0,0,0,0
13587861,7,36,17,0,0,0,0,0,1,1,0,0,0,2,0,0
13587862,2,2,3,0,0,0,0,0,0,0,0,0,0,0,0,0
13587863,2,5,6,0,0,0,0,0,0,0,0,0,0,0,0,0
13587864,7,16,18,0,0,0,0,0,0,0,0,0,0,1,0,0
13587865,8,15,19,0,0,1,0,1,0,1,0,0,0,2,0,0
13587866,37,94,73,0,0,0,1,2,3,6,0,0,0,8,0,0
13587867,1,5,2,0,0,0,0,0,0,0,0,0,0,1,0,0
13587868,23,53,57,0,0,0,0,0,0,0,0,0,0,3,0,0
13587869,26,61,52,0,0,0,1,0,2,3,0,0,0,8,0,0
13587870,7,31,19,0,0,0,0,0,0,0,0,0,0,6,0,0
13587871,3,4,5,0,0,0,0,0,0,0,0,0,0,0,0,0
13587872,22,80,58,0,0,0,1,0,1,2,0,0,0,6,0,0
13587873,12,28,30,0,0,0,0,0,1,1,0,0,0,5,0,0
13587874,34,62,66,0,0,2,2,2,1,5,0,0,0,5,0,0
13587875,4,6,9,0,0,0,0,1,0,1,0,0,0,0,0,0
13587876,5,9,10,0,0,0,0,0,0,0,0,0,0,0,0,0
13587877,1,1,2,0,0,0,0,0,0,0,0,0,0,0,0,0
13587878,21,99,47,0,0,0,0,0,1,1,0,0,0,5,0,0
13587879,24,109,49,0,0,0,0,0,1,1,0,0,0,4,0,0
13587880,7,26,17,0,0,0,0,0,0,0,0,0,0,0,0,0
13587881,14,37,33,0,0,0,1,0,0,1,1,0,0,3,0,0
13587882,6,17,15,0,0,0,0,0,0,0,0,0,0,1,0,0
13587883,2,19,20,0,0,0,0,0,0,0,0,0,0,0,0,0
13587884,6,22,10,0,0,0,0,0,0,0,0,0,0,2,0,0
13587885,1,1,1,0,0,1,0,1,0,1,0,0,0,0,0,0
13587886,3,4,10,0,0,0,0,0,1,1,0,0,0,0,0,0
13587887,2,7,5,0,0,0,0,0,0,0,0,0,0,0,0,0
13587888,3,11,5,0,0,0,0,0,0,0,0,0,0,0,0,0
13587889,13,26,25,0,0,0,0,0,1,1,0,0,0,0,0,0
13587890,7,48,15,0,0,0,0,0,0,0,0,0,0,1,0,0
13587891,3,5,6,0,0,0,0,0,0,0,0,0,0,0,0,0
13587892,22,77,59,0,0,0,0,0,0,0,0,0,0,4,0,0
13587893,0,0,0,0,0,0,0,0,0,0,0,0,0,0,0,0
13587894,2,9,6,0,0,0,0,0,0,0,0,0,0,1,0,0
13587895,9,21,22,0,0,0,0,0,0,0,0,0,0,2,0,0
13587896,17,26,44,0,0,2,1,2,2,4,0,0,0,3,0,0
13587897,18,57,52,0,0,0,0,0,0,0,0,0,0,3,0,0
13587898,15,85,29,0,0,0,0,1,1,2,0,0,0,7,0,0
13587899,18,45,54,0,0,1,0,1,1,1,0,0,0,1,0,0
13587900,12,24,28,0,0,0,0,0,1,1,0,0,0,3,0,0
13587901,10,20,30,0,0,1,0,1,0,1,0,0,0,2,0,0
13587902,13,47,26,0,0,0,0,0,0,0,0,0,0,1,0,0
13587903,2,3,5,0,0,0,0,0,0,0,0,0,0,0,0,0
13587904,0,0,0,0,0,0,0,0,0,0,0,0,0,0,0,0
13587905,14,62,30,0,0,0,0,0,1,1,0,0,0,1,0,0
13587906,1,1,2,0,0,0,0,0,0,0,0,0,0,0,0,0
13587907,5,9,12,0,0,0,0,0,0,0,0,0,0,1,0,0
13587908,10,148,53,0,0,0,0,0,0,0,0,0,0,1,0,0
13587909,33,91,63,0,0,0,0,0,2,2,0,0,0,3,0,0
13587910,4,9,14,0,0,0,0,0,0,0,0,0,0,0,0,0
13587911,9,17,26,0,0,0,0,0,2,2,0,0,0,0,0,0
13587912,0,0,0,0,0,0,0,0,0,0,0,0,0,0,0,0
13587913,2,8,5,0,0,0,0,0,0,0,0,0,0,0,0,0
13587914,0,0,0,0,0,0,0,0,0,0,0,0,0,0,0,0
13587915,9,11,28,0,0,0,0,0,1,1,0,0,0,2,0,0
13587916,14,32,31,0,0,0,0,0,0,0,0,0,0,3,0,1
13587917,1,4,4,0,0,0,0,0,0,0,0,0,0,1,0,0
13587918,6,15,10,0,0,0,0,0,0,0,0,0,0,1,0,0
13587919,14,34,39,0,0,0,0,0,0,0,0,0,0,3,0,0
13587920,10,45,24,0,0,0,0,0,1,1,0,0,0,2,0,0
13587921,15,46,31,0,0,1,1,0,1,2,0,0,0,4,0,0
13587922,6,10,11,0,0,0,0,0,1,1,0,0,0,0,0,0
13587923,14,30,30,0,0,2,0,2,0,2,0,0,0,0,0,0
13587924,1,1,2,0,0,0,0,0,0,0,0,0,0,0,0,0
13587925,1,1,2,0,0,0,0,0,0,0,0,0,0,0,0,0
13587926,10,34,21,0,0,1,0,1,0,1,0,0,0,2,0,11
13587927,4,66,9,0,0,0,0,0,0,0,0,0,0,1,0,0
13587928,3,22,9,0,0,0,0,0,0,0,0,0,0,0,0,0
13587929,3,8,8,0,0,0,0,0,0,0,0,0,0,1,0,0
13587930,4,14,9,0,0,0,0,0,0,0,0,0,0,2,0,0
13587931,1,12,3,0,0,0,0,0,0,0,0,0,0,0,0,0
13587932,10,25,20,0,0,0,0,0,0,0,0,0,0,0,0,0
13587933,6,11,13,0,0,0,0,0,1,1,0,0,0,1,0,0
13587934,5,12,10,0,0,0,0,0,0,0,0,0,0,2,0,1
13587935,2,3,3,0,0,0,0,0,0,0,0,0,0,0,0,0
13587936,19,40,47,0,0,0,0,1,0,1,0,0,0,2,0,1
13587937,7,16,20,0,0,0,1,0,0,1,0,0,0,2,0,0
13587938,8,84,19,0,0,0,0,0,0,0,0,0,0,0,0,0
13587939,3,3,14,0,0,0,0,0,0,0,0,0,0,0,0,0
13587940,5,27,12,0,0,0,1,0,0,1,0,0,0,2,0,0
13587941,0,0,0,0,0,0,0,0,0,0,0,0,0,0,0,0
13587942,13,37,26,0,0,0,0,0,0,0,0,0,0,0,0,0
13587943,1,1,2,0,0,0,0,0,0,0,0,0,0,0,0,0
13587944,28,110,67,0,0,1,1,2,1,3,0,0,0,5,0,0
13587945,2,12,11,0,0,0,0,0,0,0,0,0,0,1,0,0
13587946,22,59,54,0,0,1,0,1,0,1,0,0,0,8,0,0
13587947,13,38,40,0,0,0,0,0,0,0,0,0,0,3,0,0
13587948,32,76,78,0,0,0,0,0,0,0,0,0,0,3,0,0
13587949,11,31,27,0,0,0,0,0,0,0,0,0,0,1,0,0
13587950,33,85,84,0,0,3,0,3,2,3,0,0,0,3,0,0
13587951,20,65,60,0,0,0,0,0,0,0,0,0,0,2,0,0
13587952,30,93,82,0,0,2,0,2,2,3,0,0,0,10,0,0
13587953,8,18,21,0,0,0,0,0,1,1,0,0,0,1,0,0
13587954,15,45,43,0,0,1,0,1,1,1,0,0,0,3,0,0
13587955,4,11,10,0,0,0,0,0,0,0,0,0,0,0,0,0
13587956,21,62,45,0,0,1,1,1,3,4,0,0,0,4,0,1
13587957,12,49,33,0,0,0,0,0,0,0,0,0,0,3,0,0
13587958,9,33,21,0,0,0,0,1,0,1,0,0,0,1,0,0
13587959,15,28,35,0,0,2,0,2,1,2,0,0,0,2,0,0
13587960,6,15,11,0,0,0,0,0,0,0,0,0,0,1,0,0
13587961,1,1,1,0,0,0,0,0,0,0,0,0,0,1,0,0
13587962,3,9,8,0,0,0,0,0,0,0,0,0,0,3,0,0
13587963,5,17,11,0,0,0,0,0,0,0,0,0,0,1,0,0
13587964,6,21,16,0,0,0,0,0,0,0,1,0,0,4,0,0
13587965,6,14,16,0,0,0,0,2,0,2,0,0,0,4,0,0
13587966,16,34,39,0,0,0,0,3,1,3,0,0,0,8,0,0
13587967,16,69,29,0,0,3,0,4,0,4,0,0,0,4,0,0
13587968,22,64,43,0,0,1,0,1,2,2,0,0,0,6,0,0
13587969,6,10,13,0,0,0,0,0,1,1,0,0,0,1,0,0
13587970,6,14,10,0,0,0,1,0,0,1,0,0,0,2,0,0
13587971,2,3,4,0,0,0,0,0,0,0,0,0,0,0,0,0
13587972,2,2,2,0,0,1,1,1,1,2,0,0,0,1,0,0
13587973,9,21,22,0,0,0,0,0,0,0,0,0,0,3,0,0
13587974,10,17,27,0,0,0,0,0,0,0,0,0,0,1,0,0
13587975,1,1,4,0,0,0,0,0,0,0,0,0,0,0,0,0
13587976,0,0,0,0,0,0,0,0,0,0,0,0,0,0,0,0
13587977,6,21,15,0,0,0,0,0,0,0,0,0,0,0,0,0
13587978,5,9,11,0,0,1,0,1,0,1,0,0,0,2,0,0
13587979,5,20,12,0,0,0,0,0,0,0,0,0,0,1,0,0
13587980,7,30,15,0,0,0,0,0,1,1,0,0,0,1,0,0
13587981,1,1,1,0,0,0,0,0,1,1,0,0,0,0,0,0
13587982,0,0,0,0,0,0,0,0,0,0,0,0,0,0,0,0
13587983,17,52,44,0,0,1,0,1,0,1,0,0,0,3,0,0
13587984,9,20,24,0,0,0,0,0,0,0,0,0,0,2,0,0
13587985,3,9,6,0,0,0,0,0,0,0,0,0,0,0,0,0
13587986,0,0,0,0,0,0,0,0,0,0,0,0,0,0,0,0
13587987,2,4,3,0,0,0,0,0,0,0,0,0,0,0,0,0
13587988,3,6,4,0,0,0,0,1,0,1,0,0,0,0,0,0
13587989,6,10,12,0,0,0,0,0,0,0,0,0,0,1,0,0
13587990,6,10,14,0,0,0,0,0,0,0,0,0,0,0,0,0
13587991,0,0,0,0,0,0,0,0,0,0,0,0,0,0,0,0
13587992,0,0,0,0,0,0,0,0,0,0,0,0,0,0,0,0
13587993,12,29,27,0,0,0,1,1,0,2,0,0,0,2,0,0
13587994,7,14,13,0,0,0,0,0,0,0,0,0,0,1,0,0
13587995,0,0,0,0,0,0,0,0,0,0,0,0,0,0,0,0
13587996,13,103,28,0,0,0,0,0,1,1,0,0,0,1,0,0
13587997,5,11,7,0,0,0,0,0,0,0,0,0,0,0,0,7
13587998,1,2,2,0,0,0,0,0,0,0,0,0,0,0,0,0
13587999,10,20,28,0,0,1,0,1,1,1,0,0,0,1,0,0
13588000,2,5,6,0,0,0,0,0,0,0,0,0,0,0,0,0
13588001,1,1,1,0,0,0,0,1,1,1,0,0,0,0,0,0
13588002,2,3,3,0,0,0,0,0,0,0,0,0,0,0,0,0
13588003,1,2,4,0,0,0,0,0,0,0,0,0,0,0,0,0
13588004,16,30,38,0,0,3,0,3,3,3,0,0,0,2,0,0
13588005,6,28,14,0,0,0,0,0,0,0,0,0,0,0,0,0
13588006,9,19,21,0,0,0,0,0,0,0,0,0,0,1,0,0
13588007,4,7,11,0,0,0,0,0,0,0,0,0,0,0,0,0
13588008,0,0,0,0,0,0,0,0,0,0,0,0,0,0,0,0
13588009,5,18,11,0,0,0,0,0,0,0,0,0,0,1,0,0
13588010,15,49,29,1,0,0,0,1,0,1,0,0,0,2,0,0
13588011,2,4,4,0,0,0,0,0,0,0,0,0,0,0,0,0
13588012,6,15,14,0,0,0,0,0,0,0,0,0,0,1,0,0
13588013,1,4,4,0,0,0,0,0,0,0,0,0,0,1,0,0
13588014,4,12,6,0,0,0,0,0,0,0,0,0,0,1,0,0
13588015,9,14,22,0,0,0,0,0,1,1,0,0,0,1,0,0
13588016,16,27,36,0,0,0,2,0,0,2,0,0,0,1,0,1
13588017,4,7,8,0,0,0,1,0,0,1,0,0,0,1,0,0
13588018,10,25,25,0,0,0,0,0,0,0,0,0,0,1,0,0
13588019,0,0,0,0,0,0,0,0,0,0,0,0,0,0,0,0
13588020,5,10,13,0,0,0,0,0,0,0,0,0,0,3,0,0
13588021,18,41,48,0,0,0,0,0,0,0,0,0,0,1,0,0
13588022,4,6,8,0,0,0,0,0,0,0,0,0,0,0,0,0
13588023,1,2,2,0,0,0,0,0,0,0,0,0,0,0,0,0
13588024,7,17,20,0,0,0,0,0,0,0,0,0,0,2,0,0
13588025,3,4,4,0,0,0,0,0,0,0,0,0,0,0,0,0
13588026,4,22,8,0,0,0,0,0,0,0,0,0,0,0,0,0
13588027,5,8,13,0,0,0,0,0,0,0,0,0,0,1,0,0
13588028,12,28,31,0,0,0,1,0,0,1,0,0,0,1,0,0
13588029,5,12,13,0,0,0,0,0,0,0,0,0,0,1,0,0
13588030,7,12,17,0,0,0,0,0,0,0,0,0,0,0,0,0
13588031,3,4,4,0,0,1,0,1,1,1,0,0,0,0,0,0
13588032,1,2,4,0,0,0,0,0,0,0,0,0,0,0,0,0
13588033,1,1,2,0,0,0,0,0,0,0,0,0,0,0,0,0
13588034,0,0,0,0,0,0,0,0,0,0,0,0,0,0,0,0
13588035,3,6,9,0,0,0,0,0,0,0,0,0,0,0,0,0
13588036,7,32,37,0,0,0,0,0,0,0,1,0,0,0,0,0
13588037,5,19,11,0,0,0,0,0,0,0,0,0,0,1,0,0
13588038,7,12,18,0,0,0,0,0,0,0,0,0,0,1,0,0
13588039,8,12,14,0,0,0,0,0,1,1,0,0,0,0,0,0
13588040,3,6,9,0,0,0,0,0,0,0,0,0,0,0,0,0
13588041,8,14,17,0,0,0,0,0,0,0,0,0,0,1,0,0
13588042,31,151,66,0,0,0,0,0,2,2,0,0,0,4,0,0
13588043,8,17,19,0,0,0,0,0,0,0,0,0,0,3,0,0
13588044,16,44,33,0,0,0,1,0,0,1,0,0,0,1,0,0
13588045,5,14,15,0,0,0,0,0,0,0,0,0,0,0,0,0
13588046,6,13,17,0,0,0,0,0,0,0,0,0,0,3,0,0
13588047,5,10,9,0,0,0,1,0,0,1,0,0,0,2,0,0
13588048,16,51,36,0,0,0,0,0,1,1,0,0,0,3,0,0
13588049,6,12,9,0,0,0,1,0,1,2,0,0,0,1,0,0
13588050,5,13,14,0,0,0,0,0,0,0,0,0,0,0,0,0
13588051,1,1,2,0,0,0,0,0,0,0,0,0,0,0,0,0
13588052,6,14,14,0,0,0,0,0,0,0,0,0,0,1,0,0
13588053,4,6,8,0,0,0,0,0,1,1,0,0,0,1,0,0
13588054,1,2,1,0,0,0,0,0,0,0,0,0,0,0,0,0
13588055,4,11,10,0,0,0,0,0,0,0,0,0,0,2,0,0
13588056,3,5,8,0,0,0,0,0,0,0,0,0,0,1,0,0
13588057,8,14,17,0,0,0,0,0,0,0,0,0,0,1,0,0
13588058,6,19,18,0,0,0,0,0,0,0,0,0,0,1,0,0
13588059,12,186,34,0,0,0,0,0,1,1,0,0,0,5,0,0
13588060,1,4,3,0,0,0,0,0,0,0,0,0,0,0,0,0
13588061,33,87,88,0,0,0,0,0,3,3,0,0,0,4,0,0
13588062,28,64,84,0,0,0,0,1,0,1,0,0,0,4,0,0
13588063,7,12,17,0,0,0,0,0,0,0,0,0,0,0,0,0
13588064,26,71,75,0,0,0,0,0,1,1,0,0,0,4,0,0
13588065,0,0,0,0,0,0,0,0,0,0,0,0,0,0,0,0
13588066,0,0,0,0,0,0,0,0,0,0,0,0,0,0,0,0
13588067,12,56,30,0,0,0,0,0,0,0,0,0,0,3,0,0
13588068,6,18,27,0,0,0,0,0,0,0,1,0,0,2,0,0
13588069,36,145,81,0,0,1,0,1,2,2,0,0,0,5,0,0
13588070,18,70,46,0,0,0,0,0,1,1,0,0,0,3,0,0
13588071,2,11,3,0,0,0,0,0,0,0,0,0,0,0,0,0
13588072,5,20,15,0,0,0,0,0,0,0,0,0,0,1,0,0
13588073,12,29,32,0,0,1,0,1,1,1,0,0,0,3,0,0
13588074,14,28,39,0,0,0,0,0,0,0,0,0,0,1,0,0
13588075,5,14,14,0,0,0,0,0,0,0,0,0,0,1,0,0
13588076,16,47,46,0,0,0,0,0,0,0,0,0,0,2,0,0
13588077,2,3,4,0,0,0,0,0,0,0,0,0,0,1,0,0
13588078,14,95,34,0,0,0,0,0,1,1,0,0,0,3,0,0
13588079,0,0,0,0,0,0,0,0,0,0,0,0,0,0,0,0
13588080,6,11,11,0,0,0,0,0,0,0,0,0,0,0,0,0
13588081,9,26,22,0,0,0,0,0,0,0,0,0,0,4,0,0
13588082,11,86,29,0,0,1,1,1,1,2,0,0,0,3,0,0
13588083,15,50,36,0,0,0,0,0,1,1,0,0,0,1,0,0
13588084,3,6,6,0,0,0,0,0,0,0,0,0,0,0,0,0
13588085,10,19,21,0,0,0,0,0,1,1,0,0,0,3,0,0
13588086,2,4,5,0,0,0,0,0,0,0,0,0,0,0,0,0
13588087,6,67,19,0,0,0,0,0,0,0,0,0,0,1,0,0
13588088,17,38,34,0,0,2,0,3,0,3,0,0,0,1,0,0
13588089,1,2,3,0,0,0,0,0,0,0,0,0,0,0,0,0
13588090,11,33,26,0,0,0,0,0,1,1,0,0,0,1,0,0
13588091,2,4,5,0,0,0,0,0,0,0,0,0,0,1,0,0
13588092,15,23,29,0,0,1,1,1,3,4,0,0,0,4,0,0
13588093,15,42,33,0,0,0,0,1,2,2,0,0,0,2,0,0
13588094,4,9,8,0,0,0,0,0,0,0,0,0,0,1,0,0
13588095,9,21,25,0,0,0,0,0,0,0,0,0,0,1,0,0
13588096,2,4,6,0,0,1,0,1,1,1,0,0,0,0,0,0
13588097,5,10,9,0,0,0,1,0,0,1,0,0,0,1,0,0
13588098,1,1,1,0,0,0,0,1,0,1,0,0,0,1,0,0
13588099,2,2,4,0,0,0,0,0,0,0,0,0,0,1,0,0
13588100,4,7,11,0,0,0,0,0,1,1,0,0,0,0,0,1
13588101,9,32,21,0,0,0,1,0,0,1,0,0,0,4,0,0
13588102,8,16,19,0,0,0,0,0,0,0,0,0,0,0,0,0
13588103,18,32,41,0,0,1,0,1,1,1,0,0,0,3,0,0
13588104,8,24,22,0,0,0,0,0,0,0,0,0,0,4,0,0
13588105,16,68,68,0,0,1,0,1,1,2,0,0,0,4,0,0
13588106,3,40,7,0,0,0,0,0,0,0,0,0,0,0,0,0
13588107,24,73,60,0,0,0,1,0,0,1,0,0,0,8,0,11
13588108,1,1,2,0,0,0,0,0,0,0,0,0,0,0,0,0
13588109,2,4,5,0,0,1,0,1,0,1,0,0,0,0,0,0
13588110,10,23,28,0,0,0,0,0,0,0,0,0,0,4,0,0
13588111,7,30,14,0,0,0,0,0,1,1,0,0,0,6,0,0
13588112,1,2,4,0,0,0,0,0,0,0,0,0,0,0,0,0
13588113,8,24,15,0,0,0,0,0,0,0,0,0,0,1,0,0
13588114,13,38,31,0,0,0,0,1,0,1,0,0,0,2,0,0
13588115,7,21,17,0,0,1,0,1,0,1,0,0,0,0,0,0
13588116,5,70,10,0,0,0,0,0,0,0,0,0,0,1,0,0
13588117,4,7,14,0,0,0,0,0,0,0,0,0,0,0,0,0
13588118,16,110,32,0,0,0,1,0,0,1,1,0,0,2,0,0
13588119,13,45,36,0,0,0,1,0,1,2,0,0,0,5,0,0
13588120,12,33,33,0,0,0,1,0,2,3,0,0,0,2,0,0
13588121,15,46,51,0,0,0,1,0,0,1,0,0,0,8,0,0
13588122,13,34,34,0,0,0,0,0,1,1,0,0,0,1,0,0
13588123,9,21,23,0,0,0,0,0,0,0,0,0,0,0,0,0
13588124,0,0,0,0,0,0,0,0,0,0,0,0,0,0,0,0
13588125,10,20,31,0,0,0,0,0,0,0,0,0,0,1,0,0
13588126,9,14,23,0,0,0,0,0,0,0,0,0,0,1,0,0
13588127,9,19,27,0,0,0,0,0,0,0,0,0,0,2,0,0
13588128,1,1,1,0,0,0,0,1,0,1,0,0,0,0,0,0
13588129,18,34,45,0,0,0,0,0,0,0,0,0,0,2,0,0
13588130,6,16,21,0,0,0,0,0,0,0,0,0,0,0,0,0
13588131,4,7,9,0,0,0,0,0,0,0,0,0,0,2,0,0
13588132,26,116,61,0,0,1,0,1,1,1,0,0,0,4,0,0
13588133,7,36,16,0,0,0,0,0,0,0,0,0,0,2,0,0
13588134,7,15,17,0,0,0,0,0,0,0,0,0,0,0,0,0
13588135,7,17,18,0,0,0,1,0,0,1,0,0,0,2,0,0
13588136,5,10,17,0,0,0,0,0,0,0,0,0,0,0,0,0
13588137,7,14,17,0,0,0,0,0,0,0,0,0,0,1,0,0
13588138,7,15,21,0,0,1,0,1,1,1,0,0,0,0,0,0
13588139,28,158,82,0,0,0,0,0,1,1,0,0,0,3,0,0
13588140,3,8,9,0,0,0,0,0,0,0,0,0,0,0,0,0
13588141,20,93,45,0,0,0,0,0,0,0,0,0,0,1,0,0
13588142,19,62,53,0,0,0,0,0,0,0,0,0,0,3,0,0
13588143,8,24,20,0,0,0,0,0,0,0,0,0,0,1,0,0
13588144,4,7,10,0,0,0,0,0,0,0,0,0,0,0,0,0
13588145,11,28,28,0,0,1,0,1,2,2,0,0,0,1,0,0
13588146,6,12,16,0,0,0,0,0,0,0,0,0,0,1,0,0
13588147,25,72,57,0,0,1,0,1,1,1,0,0,0,4,0,0
13588148,1,3,2,0,0,0,0,0,0,0,0,0,0,0,0,0
13588149,7,14,22,0,0,0,0,0,1,1,0,0,0,2,0,0
13588150,13,107,44,0,0,0,0,0,0,0,0,0,0,5,0,0
13588151,6,23,18,0,0,0,0,0,0,0,0,0,0,3,0,0
13588152,12,35,33,0,0,0,0,0,1,1,0,0,0,4,0,0
13588153,1,3,2,0,0,0,0,0,0,0,0,0,0,0,0,0
13588154,0,0,0,0,0,0,0,0,0,0,0,0,0,0,0,0
13588155,5,12,13,0,0,0,0,0,0,0,0,0,0,5,0,0
13588156,3,4,6,0,0,0,0,0,0,0,0,0,0,1,0,0
13588157,2,7,6,0,0,0,0,0,0,0,0,0,0,1,0,0
13588158,8,18,19,0,0,0,0,0,1,1,0,0,0,4,0,0
13588159,3,8,8,0,0,0,0,0,0,0,0,0,0,1,0,0
13588160,5,12,15,0,0,0,0,0,0,0,0,0,0,0,0,0
13588161,16,41,49,0,0,0,0,0,0,0,0,0,0,6,0,0
13588162,11,56,31,0,0,0,0,0,0,0,0,0,0,6,0,1
13588163,6,32,16,0,0,0,0,0,0,0,0,0,0,2,0,0
13588164,4,29,12,0,0,0,0,0,0,0,0,0,0,0,0,0
13588165,4,10,8,0,0,1,0,1,1,1,0,0,0,0,0,0
13588166,1,3,3,0,0,0,0,0,0,0,0,0,0,1,0,0
13588167,0,0,0,0,0,0,0,0,0,0,0,0,0,0,0,0
13588168,4,8,13,0,0,0,0,0,0,0,0,0,0,5,0,0
13588169,36,190,91,0,0,1,0,1,1,1,0,0,0,8,0,0
13588170,19,44,44,0,0,0,0,0,1,1,0,0,0,7,0,1
13588171,6,18,17,0,0,0,0,0,0,0,0,0,0,2,0,0
13588172,30,114,75,0,0,0,0,2,0,2,0,0,0,6,0,0
13588173,27,65,66,0,0,1,0,1,1,1,0,0,0,7,0,0
13588174,26,85,80,0,0,1,0,0,1,1,0,0,0,6,0,0
13588175,20,68,62,0,0,0,0,0,0,0,0,0,0,3,0,0
13588176,6,20,23,0,0,0,0,0,0,0,0,0,0,7,0,0
13588177,14,29,33,0,0,0,0,1,1,2,0,0,0,2,0,0
13588178,7,17,18,0,0,0,1,0,0,1,0,0,0,5,0,0
13588179,15,43,47,0,0,1,0,1,0,1,0,0,0,3,0,0
13588180,11,33,33,0,0,0,0,0,0,0,0,0,0,7,0,0
13588181,46,88,104,0,0,0,0,1,1,2,0,0,0,7,0,1
13588182,25,64,76,0,0,0,0,0,0,0,0,0,0,5,0,0
13588183,23,65,65,0,0,0,0,0,0,0,0,0,0,3,0,1
13588184,4,9,14,0,0,0,0,0,0,0,0,0,0,1,0,0
13588185,0,0,0,0,0,0,0,0,0,0,0,0,0,0,0,0
13588186,1,2,2,0,0,0,0,0,0,0,0,0,0,0,0,0
13588187,8,30,20,0,0,0,0,0,1,1,0,0,0,1,0,0
13588188,1,2,4,0,0,0,0,0,0,0,0,0,0,0,0,0
13588189,0,0,0,0,0,0,0,0,0,0,0,0,0,0,0,0
13588190,1,1,2,0,0,0,0,0,0,0,0,0,0,0,0,0
13588191,0,0,0,0,0,0,0,0,0,0,0,0,0,0,0,0
13588192,9,23,20,0,0,0,0,0,0,0,0,0,0,5,0,1
13588193,4,10,12,0,0,0,0,0,0,0,0,0,0,0,0,0
13588194,18,59,57,0,0,0,0,0,0,0,0,0,0,5,0,0
13588195,5,6,13,0,0,0,0,0,0,0,0,0,0,1,0,0
13588196,9,20,23,0,0,1,0,1,1,1,0,0,0,5,0,0
13588197,15,77,66,0,0,0,1,0,0,1,0,0,0,1,0,0
13588198,4,26,9,0,0,0,0,0,0,0,0,0,0,2,0,0
13588199,6,77,17,0,0,0,0,0,1,1,0,0,0,1,0,0
13588200,20,119,72,0,0,1,0,1,1,1,0,0,0,3,0,1
13588201,20,64,55,0,0,0,0,0,0,0,0,0,0,3,0,0
13588202,26,60,66,0,0,0,0,1,3,3,0,0,0,4,0,1
13588203,15,60,49,0,0,0,0,0,0,0,0,0,0,2,0,1
13588204,22,75,70,0,0,1,1,0,2,3,0,0,0,4,0,0
13588205,15,35,36,0,0,0,0,0,2,2,0,0,0,2,0,0
13588206,19,260,53,0,0,0,0,1,0,1,0,0,0,3,0,0
13588207,22,126,55,0,0,1,0,1,2,3,0,0,0,2,0,1
13588208,1,2,2,0,0,0,0,0,0,0,0,0,0,0,0,0
13588209,10,19,21,0,0,0,0,0,1,1,0,0,0,1,0,0
13588210,16,35,37,0,0,1,0,1,1,1,0,0,0,1,0,0
13588211,1,2,2,0,0,0,0,0,0,0,0,0,0,0,0,0
13588212,26,83,55,0,0,1,1,1,2,3,0,0,0,3,0,2
13588213,6,10,9,0,0,1,0,2,1,2,0,0,0,1,0,0
13588214,5,8,13,0,0,0,0,0,0,0,0,0,0,0,0,0
13588215,7,12,20,0,0,0,0,0,0,0,0,0,0,0,0,0
13588216,7,7,17,0,0,1,0,2,1,2,0,0,0,1,0,1
13588217,4,10,12,0,0,0,0,0,0,0,0,0,0,0,0,0
13588218,6,19,14,0,0,0,0,0,0,0,0,0,0,1,0,0
13588219,19,58,48,0,0,0,1,0,0,1,0,0,0,1,0,3
13588220,0,0,0,0,0,0,0,0,0,0,0,0,0,0,0,0
13588221,15,39,39,0,0,0,0,0,0,0,0,0,0,3,0,0
13588222,14,70,31,0,0,0,0,0,0,0,0,0,0,3,0,0
13588223,0,0,0,0,0,0,0,0,0,0,0,0,0,0,0,0
13588224,9,23,33,0,0,0,0,1,1,1,0,0,0,1,0,0
13588225,5,26,22,0,0,0,0,0,0,0,0,0,0,2,0,0
13588226,2,4,5,0,0,1,0,1,1,1,0,0,0,1,0,0
13588227,6,26,30,0,0,0,0,0,0,0,0,0,0,3,0,0
13588228,8,21,19,0,0,0,0,0,0,0,0,0,0,2,0,0
13588229,11,33,35,0,0,0,1,0,0,1,0,0,0,2,0,1
13588230,6,14,17,0,0,0,0,0,0,0,0,0,0,4,0,0
13588231,6,33,18,0,0,0,0,0,0,0,0,0,0,2,0,0
13588232,10,39,29,0,0,0,0,0,0,0,0,0,0,3,0,0
13588233,4,11,13,0,0,0,0,0,0,0,0,0,0,1,0,0
13588234,7,10,13,0,0,0,0,0,0,0,0,0,0,2,0,0
13588235,6,14,15,0,0,0,0,0,0,0,0,0,0,2,0,1
13588236,7,38,22,0,0,0,0,0,0,0,0,0,0,0,0,0
13588237,20,80,55,0,0,0,0,0,0,0,0,0,0,3,0,0
13588238,9,43,28,0,0,0,0,0,0,0,0,0,0,2,0,0
13588239,0,0,0,0,0,0,0,0,0,0,0,0,0,0,0,0
13588240,4,11,10,0,0,0,0,0,0,0,0,0,0,1,0,0
13588241,1,4,4,0,0,0,0,0,0,0,0,0,0,0,0,0
13588242,10,16,22,0,0,0,0,0,1,1,0,0,0,3,0,0
13588243,9,31,21,0,0,0,0,0,0,0,0,0,0,2,0,1
13588244,8,18,21,0,0,0,0,0,0,0,0,0,0,0,0,0
13588245,4,10,10,0,0,0,0,0,0,0,0,0,0,1,0,0
13588246,11,13,22,0,0,0,1,0,0,1,0,0,0,2,0,0
13588247,22,58,69,0,0,0,0,0,0,0,0,0,0,2,0,0
13588248,1,2,2,0,0,0,0,0,0,0,0,0,0,0,0,0
13588249,4,15,14,0,0,0,0,0,0,0,0,0,0,0,0,0
13588250,5,13,15,0,0,0,0,0,0,0,0,0,0,1,0,0
13588251,15,37,64,0,0,0,0,0,0,0,0,0,0,2,0,0
13588252,13,33,30,0,0,0,0,0,0,0,0,0,0,0,0,0
13588253,8,24,20,0,0,0,0,0,0,0,0,0,0,0,0,0
13588254,1,1,2,0,0,0,0,0,0,0,0,0,0,0,0,0
13588255,5,9,13,0,0,0,0,0,0,0,0,0,0,1,0,0
13588256,5,13,10,0,0,0,0,0,0,0,0,0,0,1,0,2
13588257,14,51,36,0,0,0,0,0,0,0,0,0,0,0,0,0
13588258,9,17,26,0,0,0,0,0,0,0,0,0,0,1,0,1
13588259,2,8,8,0,0,0,0,0,0,0,0,0,0,1,0,0
13588260,2,7,5,0,0,0,0,0,0,0,0,0,0,1,0,0
13588261,1,1,2,0,0,0,0,0,0,0,0,0,0,0,0,0
13588262,11,45,29,0,0,0,0,0,0,0,0,0,0,0,0,1
13588263,6,46,11,0,0,0,0,0,0,0,0,0,0,1,0,1
13588264,5,14,12,0,0,0,0,0,0,0,0,0,0,0,0,0
13588265,4,6,12,0,0,0,0,0,0,0,0,0,0,1,0,0
13588266,6,12,15,0,0,0,0,0,0,0,0,0,0,3,0,0
13588267,2,8,8,0,0,0,0,0,0,0,0,0,0,0,0,0
13588268,5,6,8,0,0,1,0,1,0,1,0,0,0,1,0,0
13588269,9,17,26,0,0,1,0,1,1,1,0,0,0,0,0,0
13588270,1,1,2,0,0,0,0,0,0,0,0,0,0,0,0,0
13588271,1,2,2,0,0,0,0,0,0,0,0,0,0,0,0,0
13588272,5,32,12,0,0,0,0,0,1,1,0,0,0,0,0,0
13588273,7,16,17,0,0,0,0,0,0,0,0,0,0,1,0,0
13588274,7,18,16,0,0,0,0,0,0,0,0,0,0,1,0,0
13588275,1,3,3,0,0,0,0,0,0,0,0,0,0,1,0,0
13588276,2,2,3,0,0,0,0,0,0,0,0,0,0,0,0,1
13588277,1,4,2,0,0,0,0,0,0,0,0,0,0,0,0,0
13588278,5,6,15,0,0,0,0,0,0,0,0,0,0,0,0,0
13588279,18,33,38,0,0,2,0,2,1,3,0,0,0,2,0,1
13588280,5,12,17,0,0,0,0,0,0,0,0,0,0,1,0,0
13588281,16,25,82,0,0,0,0,1,0,1,0,0,0,1,0,0
13588282,1,2,2,0,0,0,0,0,0,0,0,0,0,0,0,0
13588283,8,15,16,0,0,0,0,1,0,1,0,0,0,3,0,0
13588284,6,14,12,0,0,0,0,0,0,0,0,0,0,0,0,0
13588285,0,0,0,0,0,0,0,0,0,0,0,0,0,0,0,0
13588286,2,2,3,0,0,0,0,0,0,0,0,0,0,0,0,0
13588287,26,77,70,0,0,0,0,0,1,1,0,0,0,8,0,0
13588288,13,47,33,0,0,0,0,0,0,0,0,0,0,2,0,0
13588289,0,0,0,0,0,0,0,0,0,0,0,0,0,0,0,0
13588290,9,23,27,0,0,1,0,1,1,1,0,0,0,0,0,1
13588291,2,4,7,0,0,0,0,0,0,0,0,0,0,0,0,0
13588292,16,30,33,0,0,0,0,1,2,2,0,0,0,2,0,0
13588293,27,44,64,0,0,1,0,1,2,2,0,0,0,4,0,1
13588294,10,21,24,0,0,0,0,0,0,0,0,0,0,2,0,0
13588295,6,7,9,0,0,0,0,0,1,1,0,0,0,1,0,0
13588296,2,2,3,0,0,1,0,1,1,1,0,0,0,0,0,0
13588297,5,11,13,0,0,0,0,0,0,0,0,0,0,0,0,0
13588298,4,4,7,0,0,0,0,0,1,1,0,0,0,1,0,11
13588299,0,0,0,0,0,0,0,0,0,0,0,0,0,0,0,0
13588300,4,7,12,0,0,0,0,0,0,0,0,0,0,2,0,0
13588301,8,43,16,0,0,1,1,1,0,2,0,0,0,2,0,0
13588302,1,2,4,0,0,0,0,0,0,0,0,0,0,0,0,0
13588303,12,67,25,2,0,0,0,1,1,2,0,0,0,2,0,0
13588304,3,5,3,1,0,1,0,1,0,1,0,0,0,0,0,0
13588305,9,83,15,2,0,0,0,0,0,0,0,0,0,0,0,0
13588306,6,9,11,1,0,0,1,0,0,1,0,0,0,1,0,0
13588307,9,51,20,0,0,0,0,0,0,0,0,0,0,0,0,1
13588308,8,13,23,0,0,1,0,2,2,2,0,0,0,1,0,0
13588309,9,29,16,0,0,0,0,0,0,0,0,0,0,2,0,0
13588310,19,49,39,0,0,0,2,1,0,3,0,0,0,4,0,0
13588311,0,0,0,0,0,0,0,0,0,0,0,0,0,0,0,0
13588312,3,6,7,0,0,0,0,0,0,0,0,0,0,1,0,0
13588313,2,7,4,0,0,0,0,0,0,0,0,0,0,0,0,0
13588314,0,0,0,0,0,0,0,0,0,0,0,0,0,0,0,0
13588315,24,39,51,0,0,1,0,1,1,2,0,0,0,1,0,0
13588316,3,20,9,0,0,0,0,0,0,0,0,0,0,0,0,0
13588317,3,13,6,0,0,0,0,0,1,1,0,0,0,1,0,0
13588318,6,15,16,0,0,0,0,0,0,0,0,0,0,0,0,0
13588319,3,8,5,0,0,0,0,1,1,1,0,0,0,0,0,0
13588320,6,13,15,0,0,0,0,0,0,0,0,0,0,0,0,0
13588321,0,0,0,0,0,0,0,0,0,0,0,0,0,0,0,0
13588322,7,11,13,0,0,2,0,2,0,2,0,0,0,1,0,0
13588323,14,27,29,0,0,0,0,0,0,0,0,0,0,2,0,0
13588324,2,5,6,0,0,0,0,0,0,0,0,0,0,0,0,0
13588325,7,15,14,0,0,0,0,0,0,0,0,0,0,1,0,1
13588326,2,4,4,0,0,0,0,0,0,0,0,0,0,0,0,0
13588327,4,20,9,0,0,1,0,1,1,1,0,0,0,1,0,0
13588328,2,3,4,0,0,0,0,0,0,0,0,0,0,0,0,1
13588329,3,15,6,0,0,0,0,0,0,0,0,0,0,0,0,0
13588330,8,13,18,0,0,0,0,0,0,0,0,0,0,0,0,0
13588331,5,8,10,0,0,0,0,0,0,0,0,0,0,0,0,0
13588332,1,3,3,0,0,0,0,0,0,0,0,0,0,0,0,0
13588333,1,2,2,0,0,0,0,0,0,0,0,0,0,0,0,0
13588334,22,42,45,0,0,2,0,2,1,2,0,0,0,3,0,1
13588335,18,38,32,0,0,1,0,2,4,4,0,0,0,0,0,0
13588336,15,55,37,0,0,1,0,1,1,2,0,0,0,2,0,1
13588337,15,70,36,0,0,0,0,0,0,0,0,0,0,2,0,0
13588338,3,7,8,0,0,0,0,0,0,0,0,0,0,1,0,0
13588339,4,8,8,0,0,0,0,0,0,0,0,0,0,1,0,0
13588340,29,69,58,0,0,1,0,2,2,4,0,0,0,3,0,0
13588341,5,12,18,0,0,0,0,0,0,0,0,0,0,1,0,0
13588342,7,19,24,0,0,0,0,0,0,0,0,0,0,1,0,0
13588343,5,8,12,0,0,0,0,0,0,0,0,0,0,1,0,0
13588344,2,5,6,0,0,0,0,0,0,0,0,0,0,0,0,0
13588345,9,28,31,0,0,1,0,1,0,1,0,0,0,1,0,0
13588346,5,7,11,0,0,0,0,0,0,0,0,0,0,0,0,0
13588347,8,43,17,0,0,0,1,0,0,1,0,0,0,2,0,0
13588348,3,8,11,0,0,0,0,0,0,0,0,0,0,0,0,0
13588349,14,38,29,0,0,0,0,0,0,0,0,0,0,0,0,0
13588350,2,6,7,0,0,0,0,0,0,0,0,0,0,0,0,0
13588351,4,6,6,0,0,0,0,1,0,1,0,0,0,2,0,0
13588352,2,7,4,0,0,0,0,0,0,0,0,0,0,0,0,0
13588353,2,6,7,0,0,0,0,0,0,0,0,0,0,0,0,0
13588354,3,14,5,0,0,0,0,0,0,0,0,0,0,0,0,0
13588355,10,48,28,0,0,0,1,0,0,1,0,0,0,1,0,0
13588356,16,40,32,0,0,0,1,0,0,1,0,0,0,2,0,0
13588357,4,5,5,0,0,0,0,1,0,1,0,0,0,0,0,0
13588358,13,30,31,0,0,0,1,0,0,1,0,0,0,2,0,0
13588359,11,20,25,0,0,1,0,1,0,1,0,0,0,3,0,0
13588360,13,20,21,0,0,0,0,0,0,0,0,0,0,1,0,0
13588361,20,31,41,0,0,0,0,0,0,0,0,0,0,1,0,0
13588362,4,5,8,0,0,0,0,0,0,0,0,0,0,0,0,0
13588363,20,28,44,0,0,0,0,0,0,0,0,0,0,3,0,0
13588364,4,46,10,0,0,0,0,0,0,0,0,0,0,0,0,0
13588365,12,20,22,0,0,0,0,0,1,1,0,0,0,1,0,0
13588366,11,20,27,0,0,1,0,1,1,1,0,0,0,2,0,0
13588367,25,59,52,0,0,0,3,0,0,3,0,0,0,5,0,0
13588368,3,5,9,0,0,0,0,0,0,0,0,0,0,0,0,0
13588369,2,5,5,0,0,0,0,0,0,0,0,0,0,1,0,0
13588370,6,27,10,0,0,0,0,0,1,1,0,0,0,0,0,0
13588371,8,15,20,0,0,0,0,0,0,0,0,0,0,2,0,0
13588372,0,0,0,0,0,0,0,0,0,0,0,0,0,0,0,0
13588373,4,8,12,0,0,0,0,0,0,0,0,0,0,2,0,0
13588374,0,0,0,0,0,0,0,0,0,0,0,0,0,0,0,0
13588375,0,0,0,0,0,0,0,0,0,0,0,0,0,0,0,0
13588376,18,44,35,0,0,0,1,0,0,1,0,0,0,1,0,0
13588377,0,0,0,0,0,0,0,0,0,0,0,0,0,0,0,0
13588378,3,15,16,0,0,0,0,1,0,1,0,0,0,0,0,0
13588379,6,8,9,0,0,2,0,2,2,2,0,0,0,0,0,0
13588380,0,0,0,0,0,0,0,0,0,0,0,0,0,0,0,0
13588381,16,52,31,0,0,0,1,0,1,2,0,0,0,2,0,0
13588382,7,11,15,0,0,0,0,1,1,1,0,0,0,2,0,0
13588383,1,2,2,0,0,0,0,0,0,0,0,0,0,0,0,0
13588384,3,65,6,0,0,0,0,0,0,0,0,0,0,1,0,0
13588385,10,16,21,0,0,1,0,1,2,2,0,0,0,0,0,0
13588386,7,11,16,0,0,0,0,0,0,0,0,0,0,1,0,0
13588387,28,103,51,0,0,2,2,2,2,4,0,0,0,5,0,0
13588388,8,131,21,0,0,0,0,0,0,0,0,0,0,0,0,0
13588389,4,6,8,0,0,0,0,0,0,0,0,0,0,0,0,1
13588390,1,1,2,0,0,0,0,0,0,0,0,0,0,0,0,0
13588391,1,2,3,0,0,0,0,0,0,0,0,0,0,0,0,0
13588392,3,11,6,0,0,0,0,0,0,0,0,0,0,0,0,0
13588393,0,0,0,0,0,0,0,0,0,0,0,0,0,0,0,0
13588394,17,46,31,0,0,1,0,1,1,1,0,0,0,2,0,0
13588395,1,4,2,0,0,0,0,0,0,0,0,0,0,0,0,0
13588396,8,14,16,0,0,0,0,0,0,0,0,0,0,0,0,0
13588397,9,27,19,0,0,0,0,0,0,0,0,0,0,2,0,0
13588398,1,4,2,0,0,0,0,0,0,0,0,0,0,0,0,0
13588399,2,3,4,0,0,0,0,0,0,0,0,0,0,0,0,0
13588400,4,7,8,0,0,0,0,0,0,0,0,0,0,1,0,0
13588401,7,12,15,0,0,0,0,0,0,0,0,0,0,1,0,0
13588402,4,8,8,0,0,0,0,0,0,0,0,0,0,0,0,0
13588403,2,2,4,0,0,0,0,0,0,0,0,0,0,0,0,0
13588404,2,2,3,0,0,0,0,0,0,0,0,0,0,1,0,0
13588405,4,7,7,0,0,0,1,0,0,1,0,0,0,1,0,0
13588406,1,1,2,0,0,0,0,0,0,0,0,0,0,0,0,0
13588407,27,97,77,0,0,0,0,1,2,3,0,0,0,2,0,1
13588408,14,35,27,0,0,1,0,2,0,2,0,0,0,4,0,0
13588409,1,4,3,0,0,0,0,0,0,0,0,0,0,0,0,0
13588410,14,31,35,0,0,0,0,0,2,2,0,0,0,1,0,0
13588411,7,9,13,0,0,1,0,1,0,1,0,0,0,1,0,0
13588412,1,1,1,0,0,0,0,0,0,0,0,0,0,0,0,0
13588413,10,52,34,0,0,0,0,0,0,0,0,0,0,2,0,0
13588414,1,8,2,0,0,0,0,0,0,0,0,0,0,0,0,0
13588415,0,0,0,0,0,0,0,0,0,0,0,0,0,0,0,0
13588416,9,13,20,0,0,0,0,0,0,0,0,0,0,3,0,0
13588417,1,2,2,0,0,0,0,0,0,0,0,0,0,0,0,0
13588418,9,15,21,0,0,0,0,0,0,0,0,0,0,1,0,0
13588419,2,3,4,0,0,0,0,0,0,0,0,0,0,0,0,0
13588420,2,3,4,0,0,0,1,0,0,1,0,0,0,0,0,0
13588421,7,31,10,0,0,2,0,2,1,2,0,0,0,0,0,0
13588422,1,1,2,0,0,0,0,0,0,0,0,0,0,0,0,0
13588423,0,0,0,0,0,0,0,0,0,0,0,0,0,0,0,0
13588424,12,25,34,0,0,0,0,0,0,0,0,0,0,2,0,0
13588425,1,3,5,0,0,0,0,0,0,0,0,0,0,0,0,0
13588426,0,0,0,0,0,0,0,0,0,0,0,0,0,0,0,0
13588427,5,11,9,0,0,0,0,0,0,0,0,0,0,1,0,0
13588428,0,0,0,0,0,0,0,0,0,0,0,0,0,0,0,0
13588429,2,2,4,0,0,0,0,0,0,0,0,0,0,0,0,0
13588430,5,7,8,0,0,0,0,0,1,1,0,0,0,0,0,0
13588431,1,1,2,0,0,0,0,0,0,0,0,0,0,0,0,0
13588432,2,2,7,0,0,1,0,1,0,1,0,0,0,0,0,0
13588433,8,66,23,0,0,0,0,0,0,0,0,0,0,2,0,0
13588434,8,16,20,0,0,0,0,0,0,0,0,0,0,2,0,0
13588435,17,48,35,0,0,0,0,0,1,1,0,0,0,3,0,0
13588436,9,19,22,0,0,0,0,0,0,0,0,0,0,1,0,0
13588437,1,1,1,0,0,0,0,0,0,0,0,0,0,1,0,0
13588438,19,75,36,0,0,1,0,1,3,3,0,0,0,1,0,0
13588439,0,0,0,0,0,0,0,0,0,0,0,0,0,0,0,0
13588440,1,1,2,0,0,0,0,0,0,0,0,0,0,0,0,0
13588441,3,5,5,0,0,0,0,0,0,0,0,0,0,0,0,0
13588442,9,14,17,0,0,0,0,1,0,1,0,0,0,0,0,0
13588443,15,26,25,0,0,2,1,2,2,4,0,0,0,5,0,0
13588444,5,8,9,0,0,0,1,0,0,1,0,0,0,1,0,0
13588445,0,0,0,0,0,0,0,0,0,0,0,0,0,0,0,0
13588446,15,51,41,0,0,0,0,0,1,1,0,0,0,1,0,0
13588447,19,43,41,0,0,0,0,1,2,3,0,0,0,3,0,0
13588448,9,53,18,0,0,1,0,1,0,1,0,0,0,0,0,0
13588449,1,1,3,0,0,0,0,0,0,0,0,0,0,0,0,0
13588450,2,2,4,0,0,0,0,0,0,0,0,0,0,1,0,0
13588451,2,4,5,0,0,0,0,0,0,0,0,0,0,1,0,0
13588452,3,4,6,0,0,0,0,0,0,0,0,0,0,1,0,0
13588453,3,4,11,0,0,0,0,0,0,0,0,0,0,1,0,0
13588454,18,29,42,0,0,1,0,1,1,1,0,0,0,0,0,18
13588455,3,5,7,0,0,0,0,0,0,0,0,0,0,1,0,0
13588456,7,11,14,0,0,0,0,0,0,0,0,0,0,2,0,0
13588457,12,45,30,0,0,0,0,0,0,0,0,0,0,3,0,0
13588458,2,5,5,0,0,0,0,0,0,0,0,0,0,1,0,0
13588459,5,9,10,0,0,0,0,0,1,1,0,0,0,1,0,0
13588460,4,8,10,0,0,1,0,1,0,1,0,0,0,0,0,0
13588461,0,0,0,0,0,0,0,0,0,0,0,0,0,0,0,0
13588462,4,5,7,0,0,0,0,0,0,0,0,0,0,1,0,0
13588463,1,2,2,0,0,0,0,0,0,0,0,0,0,0,0,0
13588464,0,0,0,0,0,0,0,0,0,0,0,0,0,0,0,0
13588465,2,3,4,0,0,0,0,0,0,0,0,0,0,0,0,0
13588466,1,1,2,0,0,0,0,0,0,0,0,0,0,0,0,0
13588467,0,0,0,0,0,0,0,0,0,0,0,0,0,0,0,0
13588468,5,24,11,0,0,0,0,0,0,0,0,0,0,0,0,0
13588469,21,102,52,0,0,0,0,0,0,0,0,0,0,3,0,0
13588470,5,8,7,0,0,0,0,0,0,0,0,0,0,2,0,6
13588471,13,26,22,0,0,1,1,2,2,3,0,0,0,2,0,0
13588472,4,30,8,0,0,0,0,0,0,0,0,0,0,0,0,0
13588473,2,2,4,0,0,0,0,0,0,0,0,0,0,1,0,0
13588474,0,0,0,0,0,0,0,0,0,0,0,0,0,0,0,0
13588475,5,24,9,0,0,0,0,0,0,0,0,0,0,2,0,0
13588476,9,29,16,0,0,0,0,0,0,0,0,0,0,0,0,6
13588477,2,6,6,0,0,0,0,0,0,0,0,0,0,0,0,0
13588478,1,1,2,0,0,0,0,0,0,0,0,0,0,0,0,0
13588479,10,18,21,0,0,0,0,0,0,0,0,0,0,0,0,0
13588480,1,7,1,0,0,0,0,0,1,1,0,0,0,0,0,0
13588481,0,0,0,0,0,0,0,0,0,0,0,0,0,0,0,0
13588482,5,7,9,0,0,0,0,0,0,0,0,0,0,0,0,0
13588483,6,7,8,0,0,1,0,0,1,1,0,0,0,1,0,2
13588484,0,0,0,0,0,0,0,0,0,0,0,0,0,0,0,0
13588485,0,0,0,0,0,0,0,0,0,0,0,0,0,0,0,0
13588486,0,0,0,0,0,0,0,0,0,0,0,0,0,0,0,0
13588487,5,10,10,0,0,0,0,0,0,0,0,0,0,1,0,0
13588488,17,54,35,0,0,1,0,2,2,3,0,0,0,2,0,0
13588489,3,9,8,0,0,0,0,0,0,0,0,0,0,0,0,0
13588490,6,12,15,0,0,0,0,0,0,0,0,0,0,0,0,0
13588491,19,54,48,0,0,0,0,0,0,0,0,0,0,7,0,0
13588492,3,6,6,0,0,0,0,0,0,0,0,0,0,0,0,0
13588493,11,18,20,0,0,2,1,2,1,3,0,0,0,0,0,0
13588494,37,180,82,0,0,0,0,0,2,2,0,0,0,1,0,1
13588495,2,3,3,0,0,0,0,0,0,0,0,0,0,1,0,0
13588496,7,34,16,0,0,0,0,0,1,1,0,0,0,1,0,0
13588497,8,12,15,0,0,0,1,0,1,2,0,0,0,2,0,0
13588498,6,19,13,0,0,0,0,0,0,0,0,0,0,1,0,0
13588499,6,11,19,0,0,0,0,0,0,0,0,0,0,2,0,0
13588500,3,4,9,0,0,0,0,0,0,0,0,0,0,0,0,0
13588501,0,0,0,0,0,0,0,0,0,0,0,0,0,0,0,0
13588502,0,0,0,0,0,0,0,0,0,0,0,0,0,0,0,0
13588503,1,2,2,0,0,0,0,0,0,0,0,0,0,0,0,0
13588504,25,83,46,0,0,2,0,3,4,5,0,0,0,4,0,0
13588505,2,47,8,0,0,0,0,0,0,0,0,0,0,1,0,0
13588506,13,20,30,0,0,0,1,1,1,3,0,0,0,2,0,0
13588507,1,5,2,0,0,0,0,0,0,0,0,0,0,0,0,0
13588508,4,7,10,0,0,0,0,0,0,0,0,0,0,2,0,0
13588509,2,8,8,0,0,0,0,0,0,0,0,0,0,0,0,0
13588510,18,290,40,0,0,0,0,2,1,2,0,0,0,1,0,0
13588511,12,22,24,0,0,1,0,1,1,1,0,0,0,3,0,0
13588512,6,10,14,0,0,0,0,0,0,0,0,0,0,0,0,0
13588513,9,17,21,0,0,0,0,0,1,1,0,0,0,0,0,0
13588514,1,2,1,0,0,0,0,0,0,0,0,0,0,0,0,0
13588515,2,5,6,0,0,0,0,0,0,0,0,0,0,0,0,0
13588516,7,40,15,0,0,0,0,0,0,0,0,0,0,2,0,0
13588517,8,31,20,0,0,0,0,0,0,0,0,0,0,0,0,0
13588518,11,38,24,0,0,0,0,0,0,0,0,0,0,1,0,1
13588519,3,10,6,0,0,0,1,0,0,1,0,0,0,1,0,0
13588520,10,16,27,0,0,0,0,0,1,1,0,0,0,3,0,0
13588521,2,2,5,0,0,0,0,0,0,0,0,0,0,0,0,0
13588522,11,34,41,0,0,0,0,0,0,0,0,0,0,3,0,0
13588523,5,7,11,0,0,0,0,0,0,0,0,0,0,0,0,0
13588524,17,57,40,0,0,1,0,1,0,1,0,0,0,2,0,0
13588525,1,1,2,0,0,0,0,0,0,0,0,0,0,0,0,0
13588526,4,21,11,0,0,0,0,0,0,0,0,0,0,2,0,0
13588527,3,3,6,0,0,0,0,0,0,0,0,0,0,0,0,0
13588528,15,111,31,0,0,1,0,2,1,3,0,0,0,2,0,0
13588529,9,43,26,0,0,0,0,0,2,2,0,0,0,1,0,0
13588530,1,2,3,0,0,0,0,0,0,0,0,0,0,0,0,0
13588531,1,2,3,0,0,0,0,0,0,0,0,0,0,0,0,0
13588532,29,153,66,0,0,1,0,2,1,2,0,0,0,8,0,0
13588533,6,14,13,0,0,0,0,1,1,1,0,0,0,0,0,0
13588534,10,107,21,0,0,1,0,1,0,1,0,0,0,1,0,0
13588535,0,0,0,0,0,0,0,0,0,0,0,0,0,0,0,0
13588536,17,169,40,0,0,1,1,1,1,2,0,0,0,1,0,0
13588537,3,3,4,0,0,0,0,0,1,1,0,0,0,0,0,0
13588538,5,24,27,0,0,0,0,0,0,0,0,0,0,1,0,0
13588539,1,1,1,0,0,0,0,0,0,0,0,0,0,0,0,0
13588540,1,2,2,0,0,0,0,0,0,0,0,0,0,0,0,0
13588541,1,1,1,0,0,0,0,1,0,1,0,0,0,0,0,0
13588542,3,6,6,0,0,0,0,0,0,0,0,0,0,0,0,0
13588543,2,5,6,0,0,0,0,0,0,0,0,0,0,0,0,0
13588544,4,10,8,0,0,0,0,0,0,0,0,0,0,0,0,0
13588545,18,110,35,0,0,0,0,0,1,1,0,0,0,3,0,0
13588546,7,32,23,0,0,0,0,0,0,0,0,0,0,2,0,0
13588547,2,6,3,0,0,0,0,0,0,0,0,0,0,0,0,0
13588548,13,69,36,0,0,0,0,0,1,1,0,0,0,1,0,0
13588549,4,23,10,0,0,0,0,0,0,0,0,0,0,1,0,0
13588550,5,10,9,0,0,0,0,0,0,0,0,0,0,0,0,0
13588551,8,12,20,0,0,0,0,0,0,0,0,0,0,2,0,0
13588552,2,3,4,0,0,0,0,0,0,0,0,0,0,1,0,0
13588553,5,8,14,0,0,0,0,0,0,0,0,0,0,2,0,0
13588554,14,62,42,0,0,0,0,0,0,0,0,0,0,4,0,0
13588555,5,11,10,0,0,0,0,0,0,0,0,0,0,0,0,0
13588556,7,14,15,0,0,1,0,1,0,1,0,0,0,2,0,0
13588557,21,69,46,0,0,0,1,0,1,2,0,0,0,6,0,0
13588558,15,32,32,0,0,0,0,0,0,0,0,0,0,2,0,0
13588559,8,19,20,0,0,0,0,0,0,0,0,0,0,0,0,0
13588560,7,35,13,0,0,0,0,0,0,0,0,0,0,1,0,0
13588561,0,0,0,0,0,0,0,0,0,0,0,0,0,0,0,0
13588562,3,5,7,0,0,0,0,0,0,0,0,0,0,0,0,0
13588563,0,0,0,0,0,0,0,0,0,0,0,0,0,0,0,0
13588564,4,7,10,0,0,1,0,1,0,1,0,0,0,0,0,0
13588565,2,3,4,0,0,0,0,0,0,0,0,0,0,0,0,0
13588566,0,0,0,0,0,0,0,0,0,0,0,0,0,0,0,0
13588567,2,6,6,0,0,0,0,0,0,0,0,0,0,1,0,0
13588568,3,4,6,0,0,1,0,1,1,1,0,0,0,0,0,0
13588569,0,0,0,0,0,0,0,0,0,0,0,0,0,0,0,0
13588570,19,54,43,0,0,0,0,0,0,0,0,0,0,2,0,0
13588571,8,12,22,0,0,0,0,0,1,1,0,0,0,3,0,0
13588572,9,16,17,0,0,1,0,1,1,1,0,0,0,1,0,0
13588573,5,25,25,0,0,0,0,0,0,0,0,0,0,0,0,0
13588574,13,28,39,0,0,0,0,0,0,0,0,0,0,2,0,0
13588575,2,6,4,0,0,0,0,0,0,0,0,0,0,1,0,0
13588576,4,5,8,0,0,1,1,1,0,2,0,0,0,1,0,0
13588577,3,9,8,0,0,0,0,0,0,0,0,0,0,0,0,0
13588578,2,12,10,0,0,0,0,0,0,0,0,0,0,0,0,0
13588579,5,14,14,0,0,1,0,1,0,1,0,0,0,1,0,0
13588580,6,7,11,0,0,0,0,0,0,0,0,0,0,1,0,0
13588581,3,6,6,0,0,1,0,1,1,1,0,0,0,0,0,0
13588582,40,88,91,0,0,3,0,3,3,4,0,0,0,2,0,1
13588583,1,5,2,0,0,0,0,0,0,0,0,0,0,0,0,0
13588584,0,0,0,0,0,0,0,0,0,0,0,0,0,0,0,0
13588585,15,41,49,0,0,0,0,0,1,1,0,0,0,2,0,0
13588586,4,10,12,0,0,0,0,0,0,0,0,0,0,0,0,0
13588587,19,41,48,0,0,0,3,0,2,5,0,0,0,3,0,0
13588588,9,31,24,0,0,0,1,0,0,1,0,0,0,3,0,0
13588589,3,21,16,0,0,0,0,0,1,1,0,0,0,0,0,0
13588590,1,1,2,0,0,0,0,0,0,0,0,0,0,1,0,0
13588591,4,6,10,0,0,0,0,1,2,2,0,0,0,2,0,0
13588592,3,6,9,0,0,0,0,0,0,0,0,0,0,1,0,0
13588593,7,18,20,0,0,0,0,0,0,0,0,0,0,0,0,0
13588594,1,1,1,0,0,0,0,0,0,0,0,0,0,0,0,0
13588595,9,20,20,0,0,0,0,0,0,0,0,0,0,1,0,0
13588596,5,7,9,0,0,1,0,1,0,1,0,0,0,0,0,0
13588597,4,4,7,0,0,0,0,0,0,0,0,0,0,0,0,0
13588598,1,1,2,0,0,0,0,0,0,0,0,0,0,0,0,0
13588599,6,37,15,0,0,0,0,0,0,0,0,0,0,2,0,0
13588600,1,4,4,0,0,0,0,0,0,0,0,0,0,0,0,0
13588601,9,17,19,0,0,0,0,0,0,0,0,0,0,0,0,0
13588602,32,60,67,0,0,1,1,1,2,3,0,0,0,5,0,0
13588603,5,12,9,0,0,0,0,0,0,0,0,0,0,0,0,1
13588604,3,4,5,0,0,0,0,0,0,0,0,0,0,0,0,0
13588605,3,6,7,0,0,0,0,0,0,0,0,0,0,0,0,0
13588606,3,7,5,0,0,0,0,0,0,0,0,0,0,0,0,1
13588607,5,22,14,0,0,0,0,1,1,2,0,0,0,0,0,0
13588608,4,6,8,0,0,0,1,0,0,1,0,0,0,1,0,0
13588609,3,18,6,0,0,0,0,0,0,0,0,0,0,1,0,0
13588610,5,10,12,0,0,0,0,0,0,0,0,0,0,2,0,0
13588611,2,2,3,0,0,0,0,0,0,0,0,0,0,0,0,1
13588612,1,1,2,0,0,0,0,0,0,0,0,0,0,0,0,0
13588613,17,64,37,0,0,0,0,0,2,2,0,0,0,4,0,0
13588614,3,3,4,0,0,0,1,0,1,2,0,0,0,1,0,0
13588615,26,50,57,0,0,2,0,2,2,3,0,0,0,4,0,0
13588616,1,1,2,0,0,0,0,0,0,0,0,0,0,0,0,0
13588617,5,56,12,0,0,0,0,0,0,0,0,0,0,0,0,0
13588618,8,31,17,0,0,0,0,0,0,0,0,0,0,0,0,0
13588619,0,0,0,0,0,0,0,0,0,0,0,0,0,0,0,0
13588620,0,0,0,0,0,0,0,0,0,0,0,0,0,0,0,0
13588621,8,13,18,0,0,1,0,1,0,1,0,0,0,2,0,0
13588622,9,79,23,0,0,0,0,0,1,1,0,0,0,0,0,0
13588623,11,42,23,0,0,0,0,0,0,0,0,0,0,3,0,0
13588624,2,4,5,0,0,0,0,0,0,0,0,0,0,0,0,0
13588625,1,13,13,0,0,0,0,0,0,0,0,0,0,0,0,0
13588626,4,6,8,0,0,0,0,0,0,0,0,0,0,1,0,0
13588627,0,0,0,0,0,0,0,0,0,0,0,0,0,0,0,0
13588628,1,1,2,0,0,0,0,0,0,0,0,0,0,0,0,0
13588629,6,24,14,0,0,1,0,1,1,1,0,0,0,0,0,0
13588630,12,109,27,0,0,0,0,0,0,0,0,0,0,2,0,0
13588631,12,27,38,0,0,0,0,0,0,0,0,0,0,2,0,0
13588632,11,42,32,0,0,0,0,0,0,0,0,0,0,3,0,0
13588633,16,96,35,0,0,0,0,0,0,0,0,0,0,4,0,0
13588634,10,33,20,0,0,0,0,0,0,0,0,0,0,1,0,0
13588635,1,2,2,0,0,0,0,0,0,0,0,0,0,0,0,0
13588636,26,96,57,0,0,2,1,2,1,3,0,0,0,4,0,0
13588637,2,3,5,0,0,0,0,0,0,0,0,0,0,1,0,0
13588638,0,0,0,0,0,0,0,0,0,0,0,0,0,0,0,0
13588639,15,30,35,0,0,0,0,0,0,0,0,0,0,1,0,3
13588640,2,4,5,0,0,0,0,0,0,0,0,0,0,0,0,0
13588641,12,33,38,0,0,0,0,0,0,0,0,0,0,1,0,0
13588642,7,24,17,0,0,0,0,1,0,1,0,0,0,1,0,0
13588643,4,9,6,0,0,0,0,0,0,0,0,0,0,0,0,1
13588644,2,2,4,0,0,0,0,0,0,0,0,0,0,0,0,0
13588645,10,33,19,0,0,0,0,0,2,2,0,0,0,2,0,0
13588646,3,77,8,0,0,0,0,0,0,0,0,0,0,0,0,0
13588647,1,1,2,0,0,0,0,0,0,0,0,0,0,1,0,0
13588648,4,6,7,0,0,1,0,1,1,1,0,0,0,0,0,0
13588649,7,25,15,0,0,0,0,0,0,0,0,0,0,0,0,0
13588650,0,0,0,0,0,0,0,0,0,0,0,0,0,0,0,0
13588651,4,3,6,0,0,0,0,0,0,0,0,0,0,0,0,0
13588652,4,8,8,0,0,0,0,0,0,0,0,0,0,1,0,0
13588653,3,7,6,0,0,0,0,0,0,0,0,0,0,0,0,0
13588654,1,1,2,0,0,0,0,0,0,0,0,0,0,0,0,0
13588655,4,60,27,0,0,0,0,0,0,0,0,0,0,0,0,0
13588656,9,16,21,0,0,0,1,0,0,1,0,0,0,3,0,0
13588657,11,20,20,0,0,0,0,0,0,0,0,0,0,3,0,1
13588658,1,3,2,0,0,0,0,0,0,0,0,0,0,0,0,0
13588659,2,3,4,0,0,0,0,0,0,0,0,0,0,0,0,0
13588660,3,9,5,0,0,0,0,0,0,0,0,0,0,0,0,1
13588661,4,7,7,0,0,1,0,1,0,1,0,0,0,1,0,0
13588662,0,0,0,0,0,0,0,0,0,0,0,0,0,0,0,0
13588663,5,19,13,0,0,0,0,0,0,0,0,0,0,0,0,0
13588664,1,1,1,0,0,0,0,0,1,1,0,0,0,0,0,0
13588665,7,31,15,0,0,0,0,0,0,0,0,0,0,0,0,0
13588666,2,23,11,0,0,0,0,0,0,0,0,0,0,0,0,0
13588667,2,2,6,0,0,0,0,0,0,0,0,0,0,1,0,1
13588668,6,90,14,0,0,0,0,0,0,0,0,0,0,0,0,0
13588669,2,5,5,0,0,0,0,0,0,0,0,0,0,0,0,0
13588670,0,0,0,0,0,0,0,0,0,0,0,0,0,0,0,0
13588671,7,12,13,0,0,0,0,0,1,1,0,0,0,1,0,6
13588672,4,5,9,0,0,1,0,1,0,1,0,0,0,0,0,0
13588673,0,0,0,0,0,0,0,0,0,0,0,0,0,0,0,0
13588674,5,7,10,0,0,1,0,1,0,1,0,0,0,1,0,0
13588675,7,19,14,0,0,0,0,0,1,1,0,0,0,1,0,1
13588676,5,8,15,0,0,0,1,0,0,1,0,0,0,1,0,0
13588677,9,16,20,0,0,0,0,0,1,1,0,0,0,1,0,0
13588678,8,107,12,0,0,0,1,0,0,1,0,0,0,1,0,0
13588679,27,70,57,0,0,0,0,0,3,3,0,0,0,3,0,6
13588680,7,13,12,0,0,0,0,0,1,1,0,0,0,2,0,0
13588681,2,10,7,0,0,0,0,0,0,0,0,0,0,0,0,0
13588682,4,7,11,0,0,0,0,0,0,0,0,0,0,2,0,0
13588683,0,0,0,0,0,0,0,0,0,0,0,0,0,0,0,0
13588684,0,0,0,0,0,0,0,0,0,0,0,0,0,0,0,0
13588685,2,3,3,0,0,0,0,0,0,0,0,0,0,0,0,0
13588686,8,15,15,0,0,0,0,0,1,1,0,0,0,0,0,0
13588687,19,67,46,0,0,0,0,0,1,1,0,0,0,1,0,0
13588688,11,34,27,0,0,0,0,0,1,1,0,0,0,1,0,6
13588689,4,23,13,0,0,0,0,0,0,0,0,0,0,2,0,0
13588690,5,11,9,0,0,1,0,1,0,1,0,0,0,0,0,0
13588691,5,12,13,0,0,0,0,0,0,0,0,0,0,2,0,0
13588692,18,27,42,0,0,0,0,1,0,1,0,0,0,3,0,0
13588693,3,8,9,0,0,0,0,0,0,0,0,0,0,0,0,0
13588694,1,4,4,0,0,0,0,0,0,0,0,0,0,0,0,0
13588695,11,22,26,0,0,0,0,0,1,1,0,0,0,2,0,0
13588696,7,22,17,0,0,0,0,0,1,1,0,0,0,1,0,0
13588697,0,0,0,0,0,0,0,0,0,0,0,0,0,0,0,0
13588698,2,4,4,0,0,0,0,0,0,0,0,0,0,1,0,0
13588699,11,23,19,0,0,0,1,1,0,2,0,0,0,3,0,0
13588700,1,4,5,0,0,0,0,0,0,0,0,0,0,0,0,0
13588701,3,4,7,0,0,0,0,0,0,0,0,0,0,0,0,0
13588702,2,2,3,0,0,1,0,1,0,1,0,0,0,0,0,0
13588703,4,17,10,0,0,0,0,0,0,0,0,0,0,0,0,0
13588704,10,25,19,0,0,0,0,0,0,0,0,0,0,1,0,0
13588705,6,14,17,0,0,0,0,0,0,0,0,0,0,0,0,0
13588706,4,7,10,0,0,0,1,0,0,1,0,0,0,1,0,0
13588707,1,3,4,0,0,0,0,0,0,0,0,0,0,0,0,0
13588708,4,51,11,0,0,1,0,1,1,1,0,0,0,0,0,0
13588709,9,21,24,0,0,1,0,1,2,2,0,0,0,1,0,1
13588710,8,59,28,0,0,0,0,0,0,0,0,0,0,0,0,0
13588711,0,0,0,0,0,0,0,0,0,0,0,0,0,0,0,0
13588712,2,4,5,0,0,0,0,0,0,0,0,0,0,0,0,0
13588713,0,0,0,0,0,0,0,0,0,0,0,0,0,0,0,0
13588714,13,26,32,0,0,0,0,0,1,1,0,0,0,3,0,0
13588715,6,55,13,0,0,0,0,0,0,0,0,0,0,1,0,0
13588716,1,3,2,0,0,0,0,0,0,0,0,0,0,0,0,0
13588717,10,12,17,0,0,0,0,1,0,1,0,0,0,0,0,1
13588718,7,30,17,0,0,2,0,3,1,3,0,0,0,2,0,0
13588719,6,95,13,0,0,0,0,0,0,0,0,0,0,0,0,0
